regionidzip,avg(regionidzip),avg(LRPrediction),avg(LRRmsePrediction),avg(GBPrediction),avg(GBRmsePrediction),avg(RFPrediction),avg(RFRmsePrediction),latitude,longitude,count
96469,96469,0.014296904726182244,0.01768990957873049,0.014251599657522464,0.018340035992561548,0.01379719637975947,0.013748677399535744,34.11250772996301,-117.71888752753802,9732
95994,95994,0.026568974142724865,0.05391360433643418,0.042485675086047954,-0.01229218408195618,0.015285323773243686,0.01927618191516059,34.044475721787705,-118.24047144022347,895
96044,96044,0.007259193838119837,0.00495570996403242,0.01208458259455259,0.017274952795354022,0.015501972148376206,0.01299534146003065,34.044342135000676,-118.18547385074628,7437
96488,96488,0.012567965990326738,0.013987035658963332,0.01784124497675136,0.0818132577433549,0.02153238782154645,0.01882650654536915,34.030642140533296,-117.93582296159735,15676
97004,97004,0.015064539002990237,0.01698511056064949,0.0290871153347655,0.18880674130406586,0.03120877866632594,0.029048297814791898,33.72211265311266,-117.90478731146982,14682
97092,97092,0.013962123099580693,0.011186755130080082,0.012181318120580625,0.008014955611386453,0.011429303209512614,0.011681028014508881,34.37484574285714,-119.4732616,35
96393,96393,0.014102633033022137,0.011350536168499036,0.010543566839546542,0.01119439113757545,0.011350779825861072,0.011693386770848878,34.179787512169966,-118.76725470565182,4848
96415,96415,0.010444047254243605,0.01156942331415001,0.014006384894422937,0.025474258923535626,0.012183258023725132,0.011871775195521172,34.19995783112686,-118.4940834924424,9593
97318,97318,0.01963368810165645,0.025029717301352915,0.024316890236662517,0.20834440400331236,0.04167024944339191,0.032864754255393966,34.684640909425035,-118.06644533687444,19862
96978,96978,0.016169047631101687,0.020642783376139194,0.017201612285182067,0.057423258742747424,0.01948955151328645,0.019392759325308033,33.63167945462529,-117.87660041442233,10248
97094,97094,0.01653285635164501,0.019672950045251866,0.027040762321704374,0.19798245674620332,0.036243461974996775,0.031629954495047935,34.401101870104256,-118.9172812144266,3549
97109,97109,0.010564590360479895,0.012104800501212843,0.014388087864509002,0.015064665124738776,0.01394402083250964,0.012688835012616447,34.16420959423005,-119.19986750655677,5338
96369,96369,0.011842088779536583,0.012733889394125626,0.012857877360986286,0.014103783732783514,0.011964298265824753,0.011764061246590258,34.239479465723804,-118.47914132159265,11101
97016,97016,0.013897585842455748,0.015014027019649493,0.021615235549971214,0.10247494251068275,0.02209000106665596,0.020952167094017697,33.73903309537402,-117.8179585422244,10160
96111,96111,0.01343501556490229,0.013782546779066526,0.015444125097654433,0.011118432493029937,0.012030599312262186,0.011861408108566623,33.88815124652254,-118.35076180408916,5967
96212,96212,0.009167532395966802,0.010055009860991468,0.011838526483677343,0.010801817969672268,0.009297407225870802,0.009045236783280316,33.8521051438313,-118.1452969378934,9532
96050,96050,0.013932618587088807,0.014108344257793939,0.021306325157443413,-0.0005420894464727674,0.009923465219635656,0.012791511121329513,34.09134046771674,-118.37994476243165,7682
96087,96087,0.021562295129574343,0.02749037813999983,0.02871317876579459,0.0002810698797136599,0.014629587230767906,0.016723616327412198,34.065337890353184,-118.38246023827095,1897
96201,96201,0.01107594396501564,0.01174793590453568,0.014428529743571806,0.03101815346680632,0.013917917360039254,0.013057461451362435,33.946404383572784,-118.08308652263486,3689
96954,96954,0.014393855049015532,0.014056873636631382,0.01634821299264789,0.04301215597020317,0.01596078620024174,0.015976215087476053,33.70874031474641,-117.75747590630772,14078
96496,96496,0.013196096822862435,0.014799251776229552,0.015586136292844374,0.015808113849052938,0.013008180758070437,0.012843400893319723,34.0513139784264,-118.13909166059068,8668
95991,95991,0.0265558615985051,0.05552798491181296,0.027803998603509728,-0.004991369504897358,0.010160005182024794,0.01576108184964575,34.061826363047004,-118.31425480875203,617
96092,96092,0.008347845023194751,0.0065947360398915635,0.010926506722811398,0.015260578784652005,0.012738069593186182,0.011932546110556972,33.91080730698659,-118.23715461326746,5668
399675,399675,0.017994620413155138,0.02237848140065362,0.011831140714794679,0.026890942421306244,0.02437659806990986,0.019729532711485923,34.14937643155453,-117.96292710440835,431
97101,97101,0.01487130461925779,0.016686506862108864,0.018128722784626836,0.08070741142886712,0.02071004405663413,0.019496398167236733,34.20768910715412,-119.17596776300032,9519
96952,96952,0.014501402071501355,0.013688574034540177,0.01896072171970683,0.09595686519982975,0.02069898782960919,0.01971866853225849,33.68145264051313,-117.75044069361574,6704
96322,96322,0.013480359666279512,0.017847972922293585,0.018794748405120746,0.0043542637675716275,0.011094118634504139,0.012309375770775595,34.15255561550388,-118.26377307286822,1935
96533,96533,0.009988219931726154,0.011519861782261782,0.013004962447285657,0.012106382085116444,0.010979721707965991,0.01046399964985428,34.07358539774134,-118.1452648019802,6464
96434,96434,0.022547098521892035,0.03200724930658631,0.034560051982920476,0.01130400162201678,0.013301919526273714,0.01583667879646075,34.17531006418604,-118.30641505209303,1075
96134,96134,0.012474988382770098,0.013991170629624712,0.017662934233066897,0.012540704229095048,0.012928752563681733,0.012643890041218854,33.97589406454545,-118.35500977454547,4400
97023,97023,0.013361621411653302,0.013408255985990457,0.021014452491352788,0.10200522291158066,0.022484187131111433,0.02003945523306911,33.81783619663167,-117.97332958865559,13716
96226,96226,0.014744123060372793,0.021120110119926077,0.020384082488345046,0.015071227032437857,0.013158439034682482,0.016686157107552585,33.7179006,-118.07032445901639,305
97323,97323,0.015277567806741929,0.02004642018277997,0.022666468166172446,0.04578975454945668,0.025791672498705214,0.022002103459458463,34.541955433166365,-117.95641621276035,3793
96524,96524,0.013304328941561402,0.015864717171389268,0.013102643335533626,0.016342203027881752,0.013283417418488588,0.012681398317471209,34.061520917601165,-117.89882133032668,8204
96420,96420,0.010426477112794024,0.01081557556307219,0.0141851786699834,0.009339883466528958,0.010347213594917718,0.010392642763802995,34.17590872772861,-118.45769809026548,3390
96001,96001,0.018898945321228978,0.027385736736063947,0.026318629186877048,0.008595916390143206,0.017194448739472887,0.01946086389210299,34.0662214917226,-118.30772302281879,2235
96016,96016,0.01740953285694963,0.022726172553592744,0.021272591121705434,0.011515260763970988,0.013064063910578719,0.01376187595469082,34.05223939253333,-118.38359806862222,5625
97043,97043,0.015063471968065536,0.017401681413217147,0.016517724213642806,0.016636857540091376,0.01719453202335436,0.015085502133702019,33.901872987101974,-117.90806234300685,7443
97039,97039,0.010509979900533985,0.010582563440958124,0.013248477306433996,0.012687332006167814,0.012451505984960275,0.01195096371464288,33.88165468596281,-117.89756798605279,6668
96339,96339,0.01613973765570429,0.02007323964777633,0.022103731900333944,0.13295955536071663,0.02933999996984265,0.02471266936375673,34.219070105303175,-118.61796105018057,10522
97319,97319,0.017077691400389818,0.02084963184113655,0.01365691425033787,0.03857834586158689,0.017480900327650015,0.016174774391268645,34.67568222043329,-118.2170413540128,20310
96947,96947,0.011316501410779917,0.014129447767263305,0.010540644150368988,0.010953537284148065,0.009795520363785242,0.01027997012876971,33.66250482546296,-117.82892372083333,6480
97098,97098,0.015294578247267923,0.016155170694156597,0.020961277668714102,0.12361282550991126,0.025109122094595475,0.021810874472881856,34.402185760068065,-119.2986496330119,1763
96110,96110,0.012783781596948277,0.014715473010200717,0.018564399485042966,0.009093484473005786,0.011763279167914082,0.012610654373666388,33.97481889313713,-118.21485478542998,8291
96072,96072,0.009434071602384351,0.0019004483314298223,0.011397222843149183,0.044397143314995224,0.01568161307164742,0.012343738267046806,33.97217742857143,-118.42504629013256,2037
96215,96215,0.011425093242747522,0.012478748528628715,0.01452577273449672,0.035345565750724374,0.015606506054289055,0.01404627296501169,33.840686166441444,-118.07660809054055,4440
96245,96245,0.00862651877914295,0.009041199528376592,0.015887102915181504,0.019208287841773072,0.01477671850254173,0.013960835389314061,33.781396325011045,-118.18223732280158,4526
96513,96513,0.016396195924219197,0.0205717909024814,0.0218251089978237,0.14270367718978721,0.029283690694038942,0.024952165743265354,34.101128152052055,-117.817424493994,9990
95995,95995,0.049769153503671296,0.0933251638173297,0.07712193512693263,-0.005087079439895782,0.02732230585283432,0.03233490119501779,34.025089413043474,-118.25363524396136,414
96207,96207,0.006893822435323724,0.0014683342025521406,0.007139621085039521,0.005586475109805639,0.005044867819859721,0.005446496786867822,33.34386572329247,-118.32743215323994,1142
96490,96490,0.011159107271861205,0.010650749530041081,0.013591687730525165,0.022890458914711607,0.014007839857857479,0.013102677978874233,34.04996097033968,-117.98178331864126,6035
96956,96956,0.014136526023290196,0.017711640050017557,0.016883778610638812,0.07356736641359701,0.01805315446552788,0.017854108287645006,33.458294183690626,-117.66166595418242,2379
96971,96971,0.014333419709653076,0.01765970070248732,0.018042556333768712,0.06660848486385175,0.019753667566602018,0.01899032533613021,33.594596226051,-117.70153911325524,8706
96941,96941,0.01102841054839,0.011053100332594474,0.011732195852054924,0.011974451674852298,0.011094626775916865,0.010942783498026742,33.688907839504644,-117.78654314266254,8075
96026,96026,0.01221484453816394,0.014302957340590955,0.015206144750845887,0.01075022577890724,0.010937138813739906,0.010680845254759251,33.965716324845836,-118.39676061448179,10054
96128,96128,0.011098782441714604,0.011761219390671427,0.013400215923331096,0.007641892911309986,0.00964424053459971,0.011342912356427757,33.98169716708904,-118.447696672073,5919
97084,97084,0.01716747585769677,0.019804678425942784,0.020905713421008453,0.11931267667247827,0.026201870199909043,0.023065548906822976,34.27871283954869,-119.16961877410925,8420
96217,96217,0.015358084992405614,0.018915090912084712,0.02015175813885428,0.08739725613783471,0.020934134171170935,0.018512186038893274,33.793885764424076,-118.31688430097896,4801
96962,96962,0.014846771857648497,0.017173208746121136,0.02304533732959416,0.1273938800371826,0.024681614842017374,0.023129494425535187,33.64101043151227,-117.68706654524375,17682
97107,97107,0.017796637837403824,0.020209539342721794,0.023755459609862077,0.16156008233743321,0.030883696832817494,0.02680143211830365,34.23122382953792,-119.17799030787089,9046
96342,96342,0.013580222891514697,0.01486884579536988,0.012946289189881343,0.01602067661359049,0.013847556166661874,0.013518537826001093,34.197127552502685,-118.63993884147654,8371
96125,96125,0.009267662884619709,0.009249050603994623,0.014344304469300758,0.02762642078956178,0.012347065368041713,0.011612027384506772,33.94388901723268,-118.19655650897687,13869
96969,96969,0.015325073795123434,0.01880006924189697,0.01947227646484403,0.03527118439825041,0.014957400416761706,0.01635920972201636,33.533686730490906,-117.76701191267358,10226
96028,96028,0.010217335090783916,0.012503475043192686,0.017053264996118013,0.01972725937896555,0.01566612861037635,0.014344265588979922,33.957795322123175,-118.30784756871961,12340
96169,96169,0.012358949445417244,0.014759994896880449,0.014194250772651724,0.02147278243830066,0.012569911967044546,0.012153858974182042,34.003089882169185,-118.03868571185805,8003
96291,96291,0.012764698862138376,0.01663995259156098,0.01687329636948064,0.015841412285452723,0.013509108624283945,0.013293403683975588,34.16767675957177,-118.15937070894576,5511
97079,97079,0.013817573727160096,0.0139627384866129,0.012115850380156836,0.014364589554132992,0.013874186672607135,0.014136285845005802,33.880588762500004,-117.74242780243902,6560
96136,96136,0.010461415382664879,0.008750397396992812,0.01214705628008714,0.0058689854102317,0.009522373492951505,0.009535150575476072,33.937563554428664,-118.35663560243408,2958
96446,96446,0.01238679575304276,0.014996779729001571,0.018043019542421546,0.00952162238022319,0.010372886360320506,0.010397332693333504,34.167831509175194,-118.37139367606721,5177
96321,96321,0.01123706818815113,0.015289333012516107,0.013923877690122023,0.011586783942482675,0.011028742759898954,0.0106543594669517,34.16652252943524,-118.26692919078029,5011
96327,96327,0.012337606989666383,0.016321616449994848,0.013372580308984848,0.014590978487889364,0.011639441003817991,0.01131936904773434,34.1883641934925,-118.22855022699268,5194
96265,96265,0.010619310733240904,0.01345555800375209,0.013678787362158145,0.015009023183302514,0.012263275640021365,0.011068280965866099,34.1917821878053,-118.13810889157362,11464
96234,96234,0.01147553248651061,0.011581199230701087,0.0144521786870293,0.018827777392708828,0.014418159268820311,0.01431217875555922,33.79863065800317,-118.16448280190174,3155
96410,96410,0.013016150867646393,0.015250978973558154,0.016002387429353813,0.01003308831598317,0.011165945740751936,0.011736636402798534,34.17732339108187,-118.43112829239766,6840
96006,96006,0.013813732668458915,0.01542072874985982,0.015205869152214151,0.008005472257113457,0.009776306710991526,0.011234563708205567,34.04585900256567,-118.44331827648138,8185
96351,96351,0.017487213550032226,0.021146922238070163,0.01946357989816601,0.10199471219567714,0.02431487058450807,0.022017769309827892,34.17754836528949,-118.9384907485543,14353
97065,97065,0.015150309761715813,0.017255150518115426,0.020275897900310196,0.08829530168301859,0.02158930689374196,0.020467843906811254,33.81406287116105,-117.81984880945693,10680
96126,96126,0.012645593202805557,0.015284664555718187,0.018167646726404307,0.02886099918380637,0.01786831888204534,0.014755416792850128,34.10492932503166,-118.60259342929507,2369
97116,97116,0.014938075557381312,0.015373949508932488,0.017770147993653174,0.08051024981801536,0.020876792279986584,0.019185495930670562,34.27936596906135,-118.69723768869078,17163
96368,96368,0.01637275610385731,0.021108485286772435,0.02146196329257569,0.13077646572523044,0.0282383624681305,0.023698095255955235,34.306462635898995,-118.43191045680886,19761
96384,96384,0.016360435823629102,0.021273241912535275,0.014879987187156319,0.023858796100237768,0.016570812591109773,0.015835213112947145,34.14564187619172,-118.83702737064125,7657
96107,96107,0.011880969998626409,0.011924362594360183,0.01415934355049951,0.012633001016029145,0.01102367714005023,0.010832389120620121,33.913130432019365,-118.35194766906257,13217
96124,96124,0.01514254020821887,0.017515541569207323,0.012752507990363085,0.01602201672501679,0.012181884289534477,0.012002491988532328,33.870457626119276,-118.37222579954384,11838
96326,96326,0.012628793719109039,0.018172614217758332,0.013923968981282078,0.01668638533739095,0.013317030168572552,0.012235379685631901,34.16609478546382,-118.24465540580172,3137
96239,96239,0.010968516472861406,0.012554988960191991,0.018091846395298268,0.0857037324382928,0.020468592017928024,0.01786526798619225,33.86413413175969,-118.18061739921318,14997
96966,96966,0.015849075076157407,0.020551869711644112,0.020280447742257738,0.08696564067872074,0.02106963966777947,0.020761274011544737,33.675806987534735,-118.00270004926035,13317
96083,96083,0.010951097487152029,0.008086513093053027,0.012964901502163438,0.036773336310845575,0.013555827462050935,0.012429248304422788,33.970736186661604,-118.17255520387245,7902
96508,96508,0.01275872818536356,0.015930517173431916,0.01969744276399664,0.08845055597442135,0.024072374029311176,0.02021594534494251,34.06839311456408,-117.774886028725,5953
97119,97119,0.018095737683582358,0.025173084122867003,0.0160586931064129,0.030307959290337458,0.02332044837563902,0.017687857863749937,34.27397559574469,-119.00711282674771,658
96100,96100,0.012525154060510024,0.01541650172930368,0.013682554982893424,0.011566959485807111,0.011202630254708554,0.011084478666416334,33.95718161126761,-118.1175080256835,6035
96037,96037,0.016648429093480084,0.021880946449425103,0.013866676407733904,0.016609824592707604,0.013504946574130457,0.013722198794601936,33.98578500689127,-118.37190468874427,2612
96998,96998,0.015239290247616747,0.011971339044688636,0.011576288832713732,0.01196824356099652,0.012963586832191346,0.014113650359805012,33.549819897999996,-117.63728505293334,7500
96296,96296,0.015827744937004548,0.018659459952961494,0.015939128601874304,0.009578850141058281,0.01356025784994352,0.01311261681725441,34.120758303902335,-118.11179223065184,4587
96241,96241,0.012086267650899688,0.0157432581235612,0.016016592518295132,0.012556637953516823,0.011205760130050108,0.010979345642279332,33.83099976373884,-118.18076101409112,8516
95996,95996,0.019049532643138217,0.03026257209721171,0.028835557987785712,0.005334741117853494,0.011105583956175563,0.0155916523302804,34.04347943617417,-118.26488299813919,2687
97020,97020,0.015551520165841182,0.01779871107800145,0.02959068060395361,0.19667260553901536,0.03216900013504253,0.029054157803528765,33.84435138602852,-117.9555613524293,8274
97089,97089,0.015693704322574116,0.01785867391467305,0.016844177791566717,0.05922143533501504,0.01975500339933393,0.017983933656604438,34.23319367623503,-119.04802582142574,12611
97328,97328,0.01571787226766838,0.017137765735074532,0.013847416480809971,0.09078318546725588,0.02346892367789589,0.019986989586460682,34.56584411043689,-118.08757333841885,17304
96246,96246,0.010120069445221043,0.012412170196104053,0.013178865113088406,0.011532308820530803,0.011173140086854227,0.010534156311671,33.77115506536229,-118.14264307310256,4651
96171,96171,0.012212644590401635,0.014545941977572398,0.013604056633793942,0.024963893355772242,0.013165866322215223,0.012105410549836212,33.94313283849238,-117.99253549735364,6235
96361,96361,0.011458214653992422,0.012827592729409922,0.016107915420704114,0.04185544080973133,0.016022662950123716,0.01494909166441631,34.25509866161555,-118.42164118334944,16564
96271,96271,0.014290153248019794,0.017091336582768853,0.013095505416066895,0.01626107577744526,0.014454635463074938,0.013552953468746364,34.20912539988443,-118.20010137359145,6922
96185,96185,0.01344256948439976,0.013100882775010316,0.01692864930070107,0.0584746022971506,0.01744164034372096,0.01682815003263584,33.81759252523563,-118.03915842801763,13156
96514,96514,0.01146828097638958,0.013227631706401928,0.01209144535810548,0.011325745636705948,0.01023161678657182,0.009644118284289682,34.1144855212861,-118.08804864081571,6718
96506,96506,0.013127458318949278,0.015167171485209139,0.018004851156223547,0.07027326559069448,0.021041887564550905,0.019113284170335327,34.04059241585375,-117.75993697979875,13019
96996,96996,0.013172897391011176,0.01503748561607259,0.012376108237419775,0.014399000911872342,0.012125370814461514,0.012427849391674323,33.61419045407872,-117.64141016726882,15777
96437,96437,0.009286693585717603,0.010648366531023714,0.014451068152185552,0.010157947752117211,0.010353821950711174,0.010106711396349524,34.17050939603036,-118.34452303175715,8565
96355,96355,0.01272917959481889,0.014875839849162664,0.012786061904578892,0.015144818012278984,0.01214656262862469,0.012173875184905808,34.23571924725892,-118.51680805004217,7114
96244,96244,0.011292906733180282,0.013230248567021874,0.01715102930729594,0.06113530975184626,0.018210193038584833,0.016336564034053563,33.815548799763384,-118.21450687414966,6762
96500,96500,0.008205370860825406,0.013357720693990093,0.018639742160041932,0.04351487752049809,0.028537470995058257,0.018525833686846693,34.23011631578947,-117.66544094736842,19
96959,96959,0.01374893404647238,0.01589803328646471,0.02192336417383307,0.10829344163987827,0.02133255108283547,0.02058563850095085,33.64746833165501,-117.91593109911422,10725
96387,96387,0.016685857933329398,0.02107550664296603,0.018510277007413506,0.03980863023636144,0.017225186146255494,0.01663307080951657,34.15732525144042,-118.60005988130906,8678
96121,96121,0.016776427926705615,0.020312209327715082,0.01566401111033252,0.018833561619685277,0.017007831535470034,0.016315694261482595,33.780968766336834,-118.37640609224903,9702
96464,96464,0.012412730954345782,0.0134977120341728,0.017269655682694566,0.06656025953831471,0.020229707704834395,0.017710968007317092,34.12874674730057,-117.90317704230459,12410
96449,96449,0.015142839991150802,0.01843116439495117,0.01730665394478462,0.015793368720581222,0.012987247670428062,0.013245048898707677,34.14306619342516,-118.39438266442876,8639
96370,96370,0.013278514751680055,0.014873661666535348,0.013414582328164648,0.014272058523127278,0.012541491653084035,0.012680106566914396,34.277833336843536,-118.4992035497656,14719
96105,96105,0.01600685831442857,0.02042950377642348,0.024501845123802463,0.14241266991633103,0.030005814798207374,0.024910875997366935,33.873125046728966,-118.2917990904673,2675
96961,96961,0.012289285017483161,0.014338254183034287,0.011196840657493382,0.01110270340234308,0.011158408899006664,0.011897680921731916,33.47764844070886,-117.70168504587342,9875
96983,96983,0.016189901984802274,0.018961198426296823,0.014470239763125406,0.02893094028712305,0.01594473334753596,0.016318065041020947,33.46471340467299,-117.61595361026353,9373
95993,95993,0.03260648342333263,0.051646190979082206,0.05372656274118834,0.008872150718092215,0.02144958977128328,0.026454872771243577,34.05746188345267,-118.24423145664281,2514
96009,96009,0.06316992407293057,0.10868316634144168,0.09391526847927888,-0.018101199632405373,0.022031969081303556,0.03923924419467829,34.0995321401138,-118.3267250455192,1406
96981,96981,0.01894766049113228,0.025374324899136932,0.029520707522312783,0.126898407136018,0.02611643446326913,0.026282200254695035,33.62237201725387,-117.92949736436131,6897
97164,97164,0.009202039752740468,0.007911751879806146,0.08702598809748587,0.5567506813841315,0.12212008111835268,0.0587223204293318,34.75190125,-119.081016,8
97083,97083,0.01591696828584234,0.020278768018196107,0.023292042961161868,0.14538073925636108,0.029763424644938984,0.025311516249859996,34.270955146062995,-119.22174145269028,15240
95982,95982,0.007695222796236562,0.004887652525869389,0.012389297406242141,0.017961230691505854,0.01603151981688521,0.01427666903098688,33.971854461581444,-118.2485888136351,7158
96510,96510,0.011526014916271976,0.012144598198320167,0.014183175300418634,0.020763962349276587,0.013366548730634623,0.012264966251902197,34.0657515995063,-118.08371304273068,11748
96193,96193,0.010186171799470997,0.01094517158059687,0.014020708591533156,0.03222430269196643,0.01345852231549989,0.012446020211878014,33.9056352934418,-118.08308379603842,21759
96371,96371,0.014673938546374197,0.018683180806166946,0.021288639625995805,0.1130723347352735,0.025799715574073265,0.021161937750386932,34.26204461709287,-118.45871046500672,4458
96004,96004,0.007965333359083625,0.00646415414676795,0.014945359318733998,0.01915213145510106,0.016450566417209527,0.014264830453450245,34.02504873324715,-118.19637006011635,4641
97018,97018,0.013931720622598644,0.014656861327995388,0.011160836260874316,0.013170443735514514,0.01203513170686806,0.012754916019078145,33.733475112931146,-117.7904636232521,7509
97316,97316,0.013976208788263432,0.018164227659129697,0.020629376805779497,0.07112673562742758,0.02730532050524868,0.02258104586317386,34.671183549333335,-118.42099982133334,1125
97078,97078,0.0139701152722694,0.014263793588420389,0.01512571914878936,0.039162614572762044,0.016466113400078263,0.016488919926803656,33.890229991884866,-117.80268394477905,15773
96106,96106,0.011153520780850221,0.01328872939619748,0.015453009236875754,0.017634427148921543,0.01211500648906469,0.011074956205376069,33.898395678236085,-118.31960470020121,5964
96103,96103,0.014610613393004018,0.018197981933805122,0.016551848247782216,0.01552182092813493,0.01190335156197348,0.010768370089283113,33.925226577653916,-118.41241228984039,3947
97027,97027,0.013669929344134735,0.014996973143436282,0.011231337707923157,0.01397262766791637,0.012274888411537536,0.012785582317652552,33.856164284651584,-117.73981750736299,6587
96424,96424,0.014381185233721427,0.01802385851995343,0.017384002155422316,0.01115044911248333,0.011778609766609814,0.012471267918501505,34.15171088112683,-118.43153074052552,7916
97064,97064,0.012108414215834825,0.017048115501476686,0.02359596631284363,0.0874343791421203,0.021323400553745816,0.020294257392227594,33.784718524035426,-117.84327739278937,3162
96323,96323,0.020477023455968454,0.03155531287435147,0.03205113184786444,0.010012467668327042,0.016316232349247242,0.01781570055030605,34.13887680864692,-118.26047140912729,1249
96474,96474,0.013200541694119383,0.014962178456024376,0.01605944445581532,0.012173547981756227,0.011278050552766214,0.011595404468312271,34.08487401427395,-117.8865320307439,3643
96377,96377,0.012418292387770534,0.009408069082038725,0.011639501664125095,0.025548624632235954,0.013683872178161216,0.012447703468205638,34.44984233885035,-118.55034304053518,10090
96940,96940,0.015670285048181177,0.01861955313552209,0.01247110462307353,0.016432510443260544,0.014343003693939609,0.015182983944289425,33.63874290761045,-117.80179596485006,6202
97108,97108,0.012680398608327302,0.01118860395770009,0.01434040470244589,0.02333670108130081,0.01790388760072321,0.01550176675863602,34.41376513098237,-118.79248458186399,397
96346,96346,0.015631655453832907,0.019433758367404838,0.01850854424587711,0.08745078188504074,0.022910962700825103,0.02079016343700546,34.256071842929565,-118.59419956663045,11046
96161,96161,0.013573075505777733,0.01617068883687488,0.012754197837858723,0.022945641632061028,0.01295114034683005,0.01215691528499604,33.838568703445745,-118.35321431451612,10912
96525,96525,0.013726309729165342,0.014497420755656945,0.014121442456197737,0.04567517799554707,0.016190604617323377,0.015285769581233084,34.022166904266086,-117.89783449211858,6915
96452,96452,0.011755282707292973,0.013613797387873241,0.012780154390271319,0.009638194963632052,0.010464872551720801,0.010365163600371959,34.16703795441912,-118.39979066221974,5397
96109,96109,0.01433183824382008,0.016002415047000066,0.01578826559386916,0.02319461293669099,0.013518326002365579,0.013624571059872538,33.864987646955406,-118.39517544270417,6257
96247,96247,0.011239347834194072,0.013386732661755284,0.013224700519182642,0.01306868811416603,0.011548836226265784,0.011034155739295151,33.79505973826045,-118.11625569009199,12394
96038,96038,0.03831212597697417,0.06716980437175327,0.05394703443764863,0.021780396560445094,0.02231808912541641,0.029698116401502505,34.065755003024194,-118.27885949798387,992
96019,96019,0.030651604160308932,0.04782188977700304,0.04627533125507945,0.004796536584794125,0.014336459404214937,0.01875613742364682,34.088262336582574,-118.32745408600917,1744
96058,96058,0.015126929969313582,0.014266532698386923,0.013127474862955683,0.01867667506643476,0.019869678620032385,0.018714394790541235,34.107077562402495,-118.45305021918877,3846
96119,96119,0.0097280396231259,0.007802957390890915,0.01576673096991331,0.011307063273675855,0.012780146126110913,0.012438479849162043,33.989021145750456,-118.18718970669077,2765
96486,96486,0.014033761257729345,0.017886249549064974,0.015870710524770997,0.03446638655014232,0.016248002237742063,0.0150823293235174,34.13920711793136,-117.8537353098115,8276
96017,96017,0.02466470563834629,0.03781830037719068,0.03010821200709559,0.00842018646304822,0.016193109902092467,0.01885608344235025,34.07146128338839,-118.34718032468146,4238
96197,96197,0.010060650610459505,0.010572625919257953,0.014429695813993205,0.0417774825281088,0.015702213340859247,0.013900703847694592,33.98838533471014,-118.08787326648473,13558
96320,96320,0.011685951623992049,0.015150710162566056,0.016495628124414703,0.009866788368617055,0.010649223817420865,0.010066937135928227,34.173178935721815,-118.28799985273972,3796
96101,96101,0.012496108788923677,0.014746548616923115,0.014876988461218337,0.016770247553530418,0.01197513364171674,0.011641288369337498,33.94186361877444,-118.1300888584094,7670
96220,96220,0.015881579050719165,0.02036713710545749,0.026409225366857633,0.1953172149974419,0.0372183743982009,0.03012449581543988,33.89724490308989,-118.1624969514811,7832
96228,96228,0.01124376898968053,0.012920830361786952,0.017959839376906955,0.03364184539499817,0.016962058482082515,0.01573850586536333,33.78862225170257,-118.26526797762334,7195
96015,96015,0.013760592315392397,0.016753224313826344,0.015653238884173498,0.008251872794253781,0.01070089542584586,0.010964974143229457,34.03110725547217,-118.3995363777361,6396
96216,96216,0.013804719193514775,0.016673316082818888,0.023028531724222073,0.10711409505349113,0.027249813072248167,0.023476567949714665,33.82933552378893,-118.07188283520762,2312
97007,97007,0.009593094412412394,0.009317522319938492,0.014055987063805111,0.020562429368530623,0.012488045192817526,0.011967967693039115,33.715871635433885,-117.87226413016529,9680
96129,96129,0.01125387472765379,0.012111431957328497,0.014222419643723455,0.014370218095622923,0.01206591224349267,0.012285273523647633,33.95686301114801,-118.43851968121442,4216
96104,96104,0.013054932687911391,0.01479229987526729,0.01781348641204051,0.05396112718047335,0.018054516877980407,0.016205858683739024,33.89151976977625,-118.2968146832131,8179
96465,96465,0.011148371391820148,0.012073375370202527,0.014982191389813512,0.03587401082289105,0.0155951835621628,0.014508768176568893,34.08475220383762,-117.96900164659556,13967
96000,96000,0.015884366546521596,0.02379075527395811,0.02213278489413317,0.018338510779988354,0.01633741566965444,0.016502434369929618,34.04877943036762,-118.33996218476828,8351
95987,95987,0.020047070841726217,0.03161909601220958,0.030854735943680017,0.02093723448740477,0.019679556438682716,0.019996982036230834,34.04849206403313,-118.29475958362536,3139
96374,96374,0.0225665483020448,0.03105052324424429,0.031778929875137536,0.3003759988650129,0.05346171184608167,0.039567179383121896,34.4236287334376,-118.47412720399954,8951
96162,96162,0.012119440856605369,0.013994505353240046,0.014075861973749774,0.02484911554022629,0.013541556117356421,0.012148020936971623,33.870286427736005,-118.32923588793412,8379
96102,96102,0.010647588905192372,0.011600348482870214,0.012896247862195193,0.019341049617973057,0.011070932351139755,0.010734046015712803,33.92120242666487,-118.14165161364248,7418
97005,97005,0.01532053899155184,0.019407644097389386,0.02009525184801524,0.07955421700352364,0.02210245265805988,0.02062298292842677,33.764844963316534,-117.8116221921683,11313
97324,97324,0.02150630994152832,0.032696420266480855,0.038443438777358035,0.1888379879020701,0.05658820932432773,0.04123923321734087,34.46769547303544,-117.77630931124808,649
97041,97041,0.012886717530009025,0.012909555358709673,0.01610416369700131,0.05392385079075059,0.016273410688890353,0.015539483651508085,33.87768521271275,-117.96072366112769,12397
97047,97047,0.01320401995107261,0.013044029017492178,0.020900931748049807,0.10452004128554931,0.021311275039476888,0.01965590140181112,33.78618213936339,-117.9319860119481,10713
97008,97008,0.014218733292475727,0.014999232316299075,0.016598077918573994,0.05260051344487923,0.01712389244081414,0.016502599384423288,33.70988053063869,-117.95242040388769,16205
96027,96027,0.014933070885491997,0.017961730491625624,0.020775669068267017,0.00578840543608689,0.010920596290070042,0.012274636729925363,34.10320103397484,-118.36291055295129,9301
95988,95988,0.02439207822597497,0.04234433851023347,0.03622984493666049,0.027190580335819555,0.021259628668089406,0.024721707568393158,34.029834355087154,-118.29086081353871,2467
96375,96375,0.011642635988610327,0.01363955164049033,0.01481131803557661,0.025214669386083154,0.014342591977641993,0.014043389986569782,34.2230021355992,-118.37185079536634,8503
96086,96086,0.0203772394099827,0.022306186322234113,0.021940632031724364,0.008935753202524446,0.021867643982620123,0.023511649068581567,34.094708430049266,-118.4095455070197,8120
96398,96398,0.017540355909680335,0.01968436718324542,0.017679255096121182,0.09178565587612911,0.0237017826416716,0.02056560884457386,34.47573765287496,-118.63284467782172,6574
96008,96008,0.015526074486391065,0.021511522442066406,0.019461455445459415,0.009523447524133059,0.012567572491528614,0.012255529013077377,34.10753121150934,-118.28625299007236,5943
96025,96025,0.008599186965407393,0.008521675104842473,0.014755449447867872,0.019695221134181738,0.016279993896823112,0.015092227624762014,33.955595200944856,-118.29095509831393,12277
96172,96172,0.011099139900883227,0.012122094449039838,0.013016321845306,0.02234463737665635,0.012949217324847797,0.011952894543300513,33.93020589819376,-118.01060554318555,9135
97091,97091,0.016748425663769138,0.020548922448659756,0.01630061592132549,0.055126914252982315,0.01966106921699905,0.01772138989662999,34.22469417980968,-118.98884229896566,12085
95989,95989,0.014711658085835905,0.02094580624002397,0.018545679484558958,0.016888167401821707,0.013757394335035596,0.013531624385217633,34.01010562982643,-118.33787504587318,5646
96980,96980,0.025041042748127285,0.03671045480895858,0.04005604360841973,0.019351805909803257,0.015345972750549618,0.021670306178577407,33.60657010648519,-117.89229893354684,1249
97339,97339,0.011259009534964066,0.016112056675465128,0.02431255908913366,0.040069823207343286,0.03203786490091314,0.020522893408670636,34.41109291666666,-117.77526,36
95999,95999,0.010039291281916706,0.01481837378636349,0.016032303630483812,0.022013014486689745,0.015237149962027663,0.01404838755339834,34.02665836351392,-118.3164107735708,6682
96010,96010,0.01927016719705068,0.029145287632886405,0.03169373486208502,0.018455151190752632,0.01572505664657693,0.016363714239410233,34.0901092805326,-118.2924059775023,2178
96186,96186,0.013279987955759902,0.014577742274648416,0.019551181123270686,0.08020749155275705,0.02030364396612531,0.018889909840379568,33.932289572131864,-117.95152934112295,16047
96113,96113,0.008632777617766945,0.007623144766224092,0.011068158123390971,0.016135466928390445,0.01059025789480563,0.009789032876328032,33.92305668298709,-118.19896836574958,8905
95985,95985,0.01579868620364869,0.022543583967628948,0.020558702800733058,0.0068571712669732166,0.013328291309291213,0.01385248909649952,34.07687938736264,-118.31322415109891,5460
96267,96267,0.01520397732520381,0.01939946437270465,0.015503718460577513,0.01727374307684079,0.01364586195518919,0.013528178738678474,34.13159114781705,-118.02448423711019,9620
96160,96160,0.013041244570690927,0.015579641748542448,0.01682520806901751,0.07765770829545396,0.019843306717917,0.017562683717398893,33.82726669857672,-118.29205297192435,5129
96330,96330,0.011230190851907022,0.013431347246191676,0.013905274042889694,0.011808670808579166,0.011108983332867204,0.010637154708135869,34.23225558702782,-118.24646699343985,9451
95992,95992,0.008707013532062722,0.008838887394783735,0.014912188456576478,0.02256677179626903,0.01656233784244556,0.014436346567135874,34.00619385299348,-118.25745992452084,10122
96230,96230,0.01678271243536718,0.02207898509543452,0.019030259004278568,0.11729292725068027,0.027072916882236717,0.02254213909797616,33.86007600313562,-118.25494707943558,7654
96210,96210,0.017356145953594602,0.022883890602951113,0.023547390253997557,0.17067896082951223,0.03256931205461108,0.026669424341435825,33.798898997610735,-118.29990953537953,5441
96203,96203,0.015848930151774264,0.018326619747782737,0.030429064827054108,0.2109850338084864,0.03375414984226812,0.03065927701845466,33.80086106608085,-117.99605987240774,5690
97066,97066,0.011734645450213176,0.013429497007769796,0.021091071663590474,0.09703089333337857,0.021349637145179182,0.019634600150094345,33.78688880316623,-117.87171179551451,3790
96990,96990,0.017291539812682194,0.01917343017919711,0.02991049125570603,0.2054890172389097,0.03276650095229846,0.03055570593913813,33.7522279686635,-117.9924185062412,19147
96389,96389,0.011616422384106869,0.012444925364550524,0.012711143824640662,0.012568426028550834,0.011695604887377095,0.012165071549486862,34.176083097855,-118.61664957191553,12028
96013,96013,0.007488092993877241,0.007105229007861966,0.015366901386867101,0.02078161687374652,0.0157205299282752,0.013661437304322576,34.081056509762895,-118.17551351696885,8604
96426,96426,0.016512896584789254,0.021486477829322573,0.015983907761930875,0.01848060039480598,0.016894156735080827,0.01681917484560062,34.150794090633866,-118.488938656386,5285
96284,96284,0.010484408119137208,0.010985234015321308,0.013439204821046763,0.018073815214740226,0.012744156570471284,0.012209778938724516,34.2549739846754,-118.28558426177209,7178
96023,96023,0.008297334163540658,0.008541633790116196,0.013908752049551797,0.01671443881439174,0.01335769049452136,0.011699430728073756,34.11456928958387,-118.19133053473467,11703
96324,96324,0.01357187862236892,0.018303209038302966,0.021420457684327588,0.011440571157343692,0.013283261471702472,0.013703605865670536,34.136820656932315,-118.2400901080786,3664
97021,97021,0.014807109053667042,0.01590120570379506,0.025866414748193636,0.15486222562262297,0.02694945078497143,0.025262626107169738,33.80686099671507,-117.9258156007953,5784
96958,96958,0.012005848286927212,0.011886895186654797,0.011752381689375386,0.011949809653844295,0.011741126557115993,0.011675100299273693,33.67948901919143,-117.91150778792012,10265
96270,96270,0.009902405950316533,0.008853800173824837,0.012536925536450898,0.02355157639552857,0.012304378837436455,0.012066538858155985,34.13741514825537,-117.96445394834679,6563
97006,97006,0.011145679330539733,0.011533287367804311,0.013120917943878086,0.010821636676061433,0.011215801949531354,0.010653995735495943,33.76570559051581,-117.88130588835276,6010
96979,96979,0.015596776887353385,0.020314483308478105,0.020400600378467,0.009057307699980914,0.01338348606649641,0.015714710456475503,33.60190033390216,-117.89860513481229,1758
96030,96030,0.015661244159693274,0.016306517881037468,0.016229030863166648,0.014315439348927709,0.01590645059964505,0.015936663193586106,34.06570380485232,-118.4763764796941,11376
96497,96497,0.013482359131694472,0.01565392686545693,0.014335068078266431,0.016814839144263637,0.012663600411725212,0.012433283129944229,34.05309465562479,-118.11612160282058,6098
96190,96190,0.011793721018105965,0.012531061047452155,0.012445993136084521,0.01796902545714439,0.012723181481093528,0.011958295681089663,33.906219126419934,-118.00612386170758,13645
96097,96097,0.013954384607520628,0.01492851070577704,0.01614930265533433,0.004057646837279889,0.009181068185044423,0.010317097006025155,34.01732106183432,-118.39415898461539,3380
95997,95997,0.009926149130436423,0.012694895082823433,0.016881355151435247,0.01620543876199875,0.015034489396122779,0.012697693893780757,34.0290080462941,-118.35340818280842,8446
96995,96995,0.011600172923690992,0.01093739925835068,0.01296280673124254,0.01306540971398198,0.012159301795527676,0.012085316418840036,33.61500503108232,-117.66438680722419,15282
96364,96364,0.010986117623618287,0.01188015845018985,0.01401118181115561,0.020998260458945074,0.012190926663491175,0.0120885751771589,34.20078831728609,-118.54063913402658,15579
97003,97003,0.017684762925224237,0.021537189714066166,0.039211729102858986,0.2921177896094409,0.04266216589448779,0.039088015972024805,33.74797158057804,-117.90699541040462,8650
97026,97026,0.014282521380622384,0.015458379788029823,0.017031493741484778,0.06161475345929434,0.017827967410983525,0.0174372864621389,33.84970977404672,-117.78702732617657,11644
96020,96020,0.009032950718909208,0.009159254662612578,0.013468027609144562,0.013592837010405076,0.011532786473081348,0.010123526315089013,34.10854637144072,-118.25996243122256,7059
97081,97081,0.013806930961331095,0.017999276164992646,0.024849820562507927,0.16674946787345693,0.03254405856552538,0.02748180544099112,34.29045725159938,-119.28845889532319,9066
96338,96338,0.01457471715285497,0.018131127947712423,0.021215212048835655,0.011302768096918074,0.013062815152763597,0.014137985433251846,34.1994346782428,-118.60363025853368,3369
96354,96354,0.015946427870223726,0.019416565967078536,0.018434977878221608,0.048209196688493675,0.017270889067195195,0.017027876724465936,34.23884434884885,-118.54755384351019,5994
96236,96236,0.009392259908581502,0.014323660146951444,0.017879798014738536,0.01961653852578723,0.015262178204235718,0.014354563336643858,33.76919358116254,-118.1840861227126,9290
96181,96181,0.013240122031806953,0.014450621683529985,0.01542156408050978,0.04036170338758743,0.015148725187541841,0.014840858672666008,33.877598886640435,-117.99167693273374,5337
96003,96003,0.00908522550485466,0.007153382729108349,0.013003650787557523,0.011577029783208497,0.012958064941591959,0.01232233576008971,34.023284379541,-118.15289282677892,8671
96337,96337,0.01609416692268386,0.020486728107940003,0.018156950471873885,0.06406651419650734,0.02527287490003846,0.022231606965876387,34.1430877162194,-118.65879500517892,8496
96412,96412,0.014383990103030514,0.01778873875002896,0.01689441627098769,0.010247629367251357,0.011710741075967587,0.012577849593232767,34.15076398078115,-118.4604049783013,6452
96137,96137,0.01215743106427946,0.013717850677568548,0.014620256826034777,0.012757678264946436,0.011526091436222895,0.011947752979134939,33.95885877231565,-118.32667871237602,4638
96120,96120,0.017739503729814494,0.018986551890583337,0.019875214752283307,0.042651830761680345,0.020342463415990535,0.019797131507021476,34.051750543035105,-118.53653900339751,8830
96973,96973,0.01706917049126426,0.020762719563651263,0.03510437690278461,0.26497615576813344,0.03829956084186131,0.03531239781543512,33.745031700274346,-117.98401276131686,1458
97063,97063,0.013396096829753831,0.0141599300193608,0.019916561417529118,0.08723339532955529,0.021331268940531233,0.019282341222231096,33.83208622276957,-117.84640242601715,5481
97113,97113,0.01741560553281028,0.02331950833716167,0.03232645102774507,0.24229202088242474,0.04419924356606282,0.03689243868389534,34.35453362600094,-119.07303220379966,6369
96222,96222,0.012297593695587541,0.014788752216290797,0.014130972183703086,0.03971770447448753,0.01508358573106351,0.013799952637581606,33.77651168298368,-118.30757348580832,7293
96018,96018,0.009531087381572443,0.013283492947063014,0.016586777109453426,0.01808394007680718,0.015413739405430938,0.015508466769465996,34.00060056663039,-118.28737882009018,6431
96225,96225,0.01454400763137752,0.016182411213800086,0.018572211931412893,0.03906763446545881,0.016959206587265283,0.016691823977098626,33.761677362176464,-118.08053314925372,5293
97037,97037,0.01947628667593749,0.02194883047967124,0.026178435144861602,0.16087793923421578,0.029326712420350124,0.027901418703943342,33.9206686632653,-117.83680445189505,1372
96149,96149,0.016730363132606833,0.018015427647986255,0.013962287469207505,0.0064483918569684705,0.013887533730488505,0.013762831318070464,34.03435948989563,-118.50302243326671,4503
96151,96151,0.012866687379445,0.014146840489952245,0.016381381071791063,0.009231658453778144,0.00986342548166898,0.01064644262341691,34.02926699613028,-118.47304545082231,3101
96007,96007,0.009495637161531014,0.010544174323187647,0.01729988197865404,0.018147098046000672,0.015565749532052827,0.014007271600108897,34.08048424440106,-118.26409815309522,8707
96012,96012,0.008457868524623739,0.008874516024062789,0.01579536535034124,0.023755884371825776,0.016569579061438487,0.013894937745529494,34.08101345930471,-118.21118654887526,4890
96957,96957,0.013396197151479822,0.01578796674744571,0.01314030470442077,0.00797916879867463,0.012461686968895122,0.01342284038911949,33.600925304184884,-117.86739498938164,4803
96473,96473,0.011989443416924405,0.013253816634917443,0.016791328187298997,0.07515864434055379,0.019361512312779765,0.01690765492725601,34.09740680358588,-117.9061876299595,8645
97001,97001,0.010586825138172619,0.012587141386849783,0.019037757118203987,0.01406627609681202,0.014563290750011766,0.014197522240584355,33.74763125570272,-117.85599719573216,5436
96989,96989,0.015569587212074824,0.019765347686847696,0.01328940444827374,0.018238903024051675,0.01587479202259958,0.016355942882882876,33.62909561253616,-117.59060047251688,10370
96116,96116,0.015202776966090735,0.012846962508848992,0.018808575345782994,0.07037251228933468,0.023791209761320615,0.020685336279092182,34.03777277589355,-118.75381222515001,7666
96014,96014,0.00781830102956806,0.008904715707619061,0.0174707740361245,0.03437513176196745,0.01782053750016043,0.014467686094546687,34.048033742912196,-118.2070290927608,3633
96048,96048,0.009576541321007282,0.0059000911571900055,0.010761862075969016,0.010330965392743693,0.012959436277475062,0.011741466473331949,34.05549956535433,-118.41038984304463,1905
96045,96045,0.01339933288722001,0.015132205898719699,0.01648730285423782,0.006835237677512259,0.010489412777845925,0.010476767392721341,34.03603125013075,-118.42511712146967,7648
97051,97051,0.012158982320633546,0.011848288567920324,0.014890803495732009,0.03764398330811202,0.013771013881224628,0.013737324523790366,33.76553859671272,-117.97050545212005,4198
96946,96946,0.012762263860252417,0.011361113701107983,0.009835018070413992,0.009712751584181603,0.010065598572890282,0.010938787248981363,33.68510499852115,-117.66031082076309,3381
96401,96401,0.016723403973718107,0.019602191214834398,0.017754636562245123,0.10847022262859182,0.02601341205138509,0.022059595517947703,34.42289105959806,-118.42359989664389,10101
96133,96133,0.013785104029534036,0.01680785101420881,0.020372935396523212,0.010729738412203444,0.012329942501142537,0.013258356946003955,33.95571525060559,-118.35682667870513,4541
96240,96240,0.009785960458805915,0.010813215407429955,0.014738428261005281,0.01273677634547366,0.011343582795460301,0.011562746796677409,33.80247077816435,-118.1928986676607,6036
96163,96163,0.01537085917476446,0.01952007342090555,0.016456295789127086,0.028373542872908778,0.01444707600842434,0.013773158974983626,33.81128102795255,-118.35042525889634,9695
96378,96378,0.011525195868580253,0.011094568367116362,0.009963462575319907,0.015744158013275177,0.011128154808759245,0.0110406707109187,34.403205940976164,-118.55434641874763,10572
96042,96042,0.010318860951886265,0.010007309613219998,0.015040387043086533,0.022172136436776842,0.016203252743116913,0.015223126331216428,33.9229012543554,-118.27125876329849,4305
96352,96352,0.015091865707821355,0.01868946557686672,0.016955097708865035,0.07717748732160112,0.02163144825997633,0.0187557350731741,34.38506986226964,-118.50983685766246,8248
96531,96531,0.012733192534578941,0.015725259637762855,0.014823228486509254,0.01285943884570322,0.011289642906348757,0.01176876550216542,34.090935902867805,-118.12836895698291,10182
97106,97106,0.013802711381069277,0.013400840236192015,0.015300167504355429,0.05134542181378008,0.017055300448463085,0.01587695620502625,34.18191823515021,-119.21981163949506,10219
96294,96294,0.01268407544330044,0.01644043654057437,0.015492684242946265,0.012761508750502444,0.012811041228617757,0.013074837847449677,34.14056960756047,-118.12859278519942,6243
97111,97111,0.012630444714009929,0.01728204049105993,0.012673105017371369,0.012928210642721349,0.01212729672099393,0.011984256813770576,34.1549519,-119.20323,10
96478,96478,0.014341733355887332,0.016638785870000592,0.020254882366697886,0.06532251529314323,0.019000824602168745,0.017099626157269097,34.08027076084168,-118.03529931177829,3897
97040,97040,0.009643734225980546,0.009929373328592188,0.016276184896937516,0.012161366713897375,0.012466569019165912,0.01198628907267588,33.86746308956997,-117.93020672178665,4209
96967,96967,0.014032980166818441,0.017063420480238078,0.020823247366441196,0.09691301937739315,0.022562609023169037,0.020876503371375355,33.719727631992235,-118.0461247224281,11334
96964,96964,0.01403273433606662,0.014668728603193924,0.020770318794153805,0.0988036350263978,0.022604180168523082,0.020754004352662357,33.668258812594225,-117.96819732164037,19898
95983,95983,0.00876503004246023,0.007379943707675182,0.013176090351650538,0.020095498712753273,0.015366602748994887,0.014088133302098117,33.949265515175824,-118.24801261612515,7479
96208,96208,0.012491158500265527,0.014669255006180918,0.01689086255078788,0.07160327814484015,0.018891396001642965,0.01658403928865101,33.88928015505812,-118.12665672294447,11615
97024,97024,0.010822411018471123,0.011263422027625593,0.016651282393311373,0.06098530381684052,0.01608583909726071,0.015156715729006898,33.8341642426355,-117.90545958130402,10184
96117,96117,0.015520828575490543,0.01709371010071851,0.017354373328305354,0.015797571319716923,0.014776907023786102,0.015202082878558164,33.88995096605638,-118.39962718511018,12344
97035,97035,0.016891141956808464,0.018214283365368407,0.025323231113521645,0.14965610148940775,0.02750972007102013,0.02578639395782217,33.92580428293208,-117.89368380876884,10218
97317,97317,0.014028682712350424,0.015867101505668935,0.015608300686564392,0.05223407270900097,0.02063426366582588,0.019201451990102165,34.696660082203856,-118.15098716991736,9075
96341,96341,0.011290557778136182,0.01191299137100552,0.01279404710485652,0.012598967427700503,0.011577597225172053,0.011336394305468822,34.2095939586769,-118.57436601668265,10430
96986,96986,0.015145498219970088,0.032957997784816645,0.015460177095195692,0.030072891836781742,0.01754859455903607,0.0162530707643766,33.729114778074866,-117.62369812433155,748
96173,96173,0.010654039451422839,0.01194763258775953,0.013203578708756871,0.013792867779668552,0.011383529235481617,0.01105713708691299,33.94457502133939,-118.03227082099886,8810
96492,96492,0.0168441211053243,0.020590784508791152,0.017460073852261473,0.08165102917226738,0.02202199080096837,0.019709045899153784,33.97991139888631,-117.89515366422273,10775
96403,96403,0.01770618179191625,0.021123532614223436,0.017201038835333093,0.07365899154974404,0.022978951572141807,0.019629606527485216,34.48775036661316,-118.46335581284109,6230
96170,96170,0.011746141068212571,0.013198620952455773,0.014819392239874737,0.015969585604280665,0.011221222423029056,0.010983894418541322,33.966915399899776,-118.03085303858683,3991
95986,95986,0.020122817172411073,0.03115665099464279,0.023418381422135454,0.009943976955442328,0.012893420727366576,0.01555306752997081,34.05950970515267,-118.31376988788168,2096
96088,96088,0.026836225629066495,0.0376802288820986,0.03331170510657259,-0.009185334244537768,0.01724045440588637,0.020926790653208852,34.06194508760484,-118.39987491565704,2146
96123,96123,0.01352409751499391,0.015553651927032465,0.013273330059914932,0.012337807649371818,0.01145691492686201,0.011373820715368566,33.83038598919071,-118.38269404145126,10639
96951,96951,0.01613233721387194,0.01983943129458721,0.011605092164453651,0.016673437984748914,0.012542112545237134,0.012855448052614253,33.6381018605108,-117.83782599705305,1018
96517,96517,0.011590458923084968,0.012535711775154768,0.012483686123512923,0.012515353194568027,0.01073340760296586,0.009825761766787235,34.1014291504163,-118.05394940852324,9128
96411,96411,0.010175984096181872,0.010965847436425659,0.013534030712892236,0.0123130683192347,0.011332493637346144,0.011345516053938715,34.22717130282364,-118.44416104666189,8358
96127,96127,0.010221422791285703,0.00779352691510518,0.01493082494444078,0.006600934791485857,0.009643614792000835,0.008690864551466863,33.99343452627821,-118.46063781962296,7002
96480,96480,0.0120800861578229,0.012927644257308118,0.017121494526963207,0.039568456536393376,0.015999750617214526,0.014240597081982616,34.05339806311881,-118.04363641778642,5656
96135,96135,0.011579461526820874,0.01151142098852057,0.014534921589606514,0.013040424026231519,0.01280098132407474,0.012157756658255185,33.93578226410256,-118.32936428512821,3900
95998,95998,0.028473750658069463,0.05686867013687401,0.040968914072777814,-0.014099479702709203,0.011456694619209696,0.02012399254335174,34.05066090789474,-118.2625607631579,532
96039,96039,0.007262046180084369,0.01667864597359504,0.016891600243551026,0.055202030615222754,0.025079789696393497,0.022080841515436943,34.000893673469385,-118.23868713265306,196
96280,96280,0.012362390630462303,0.015779785159103294,0.013775509862468437,0.013412829632891504,0.01112270496688398,0.011170777612706444,34.109665630150424,-118.1560740586985,6116
96373,96373,0.01332651214159845,0.011994734953537964,0.012175386622761644,0.032300105015437064,0.014274357810893088,0.0136658710897414,34.441479965404646,-118.50799377477716,11331
96024,96024,0.010249409564029723,0.013662595039611725,0.015473557100482052,0.01854621955219767,0.014074382494884186,0.012849092939897373,33.98841450365579,-118.33383267679041,10668
96150,96150,0.015331451827236208,0.01831575685245819,0.018829798618824972,0.002834820553834451,0.009856898158386841,0.011718977235498796,34.030541007324516,-118.49099816581891,4915
96090,96090,0.01550953188082192,0.01924882628628002,0.022924253313367737,0.19657721420449473,0.03784653941223844,0.02869954622376044,33.889349398604146,-118.23923206566401,10173
97099,97099,0.017720398668831048,0.02207261373145861,0.027930059354795117,0.24038648144140995,0.0410872683964679,0.033506009402838564,34.443028938137225,-119.26098305166713,7258
97331,97331,0.01897929923318984,0.027766628452034432,0.028627780373672567,0.07524794624800156,0.034903529448579704,0.027739543647896162,34.485007133047205,-117.89973177968525,699
96414,96414,0.013256262607034636,0.01640882871530523,0.018848270893355144,0.04280485961294732,0.01554541945035183,0.015199922074230479,34.19982799476525,-118.4455709793882,6113
96948,96948,0.01235147138216284,0.014384324172873504,0.010183468699602391,0.011794551900990073,0.009878979676324132,0.01046909410240155,33.673939778348114,-117.81239028138124,6429
97059,97059,0.017191978031621768,0.02307021741444262,0.016369246871685797,0.023018370381062973,0.020905271406394362,0.018959507968714484,33.81731228337469,-117.80979316774194,2015
97067,97067,0.013063287412999388,0.014823790334888584,0.013246415422534762,0.022053887609768643,0.013684385355529098,0.0135017313911495,33.791370323262285,-117.79581155264133,10790
97068,97068,0.013970620537958958,0.013869873678667488,0.017210535192611672,0.07001683816462836,0.01844404322498989,0.0178830079540636,33.882579293650195,-117.85372879785061,13213
96494,96494,0.017556370996196367,0.023459794333776998,0.02439181089641477,0.17785784389542772,0.03395366905006515,0.028967830771932716,34.117568845041944,-117.76990330506419,9893
96242,96242,0.01027181333822958,0.01170204797916599,0.012851285903208554,0.0114403211777076,0.010415969998203312,0.009952190136550867,33.823180744437806,-118.110093085934,13394
96522,96522,0.016811301714151648,0.020060934698693238,0.016261959756968408,0.07758140145098877,0.021545247536911467,0.019138685942830438,34.017425786192405,-117.85839634176526,12848
96159,96159,0.014947917252842583,0.01840564857992962,0.018443840018741005,0.058154284187337826,0.017447012715674993,0.016113789270691316,33.82506962177917,-118.31418570269325,8577
97330,97330,0.01628342779009051,0.016704670147993393,0.009419507696725865,0.04618926679443492,0.015486893386670189,0.014499793064816635,34.562935463580736,-118.03481989676273,10132
96507,96507,0.012069317914897631,0.014493961113176834,0.017359597026071975,0.05810307039636553,0.018763918357857304,0.017066158520281004,34.08235829693505,-117.73628321080123,10147
96046,96046,0.009381147497748694,0.00991422375212491,0.014263443001549515,0.01744096012408931,0.01377666524158741,0.012405760500912097,34.109578381340015,-118.22432851502818,9582
96213,96213,0.009226933692165264,0.00990952818218156,0.012244961076744151,0.011353500816049059,0.009810589573913986,0.009478954824484699,33.847081012948415,-118.11157012078115,9422
96218,96218,0.013170204623050212,0.013720992667785491,0.01649318593250405,0.04050308800241738,0.016519889497442583,0.015743487411155936,33.79285478258621,-118.07272305293104,5800
96447,96447,0.01380221313673032,0.017275806795074546,0.016880796765679836,0.00912375608368485,0.011358181042211191,0.01199389988078349,34.15126904036281,-118.36751176326531,4410
96282,96282,0.010776540261139934,0.01206139484765433,0.013504059277618745,0.029723087777399175,0.013892342151424316,0.012818992435226119,34.26018933280906,-118.32322093472791,6358
96273,96273,0.011271181241471164,0.011652578510412168,0.01435073152831213,0.02573169416751115,0.013132316549691894,0.01207088959355179,34.144889272709364,-118.00100137270937,10150
97050,97050,0.01456634206903465,0.01497764854828763,0.024870729879581596,0.15000439652880718,0.02603901454717149,0.024495909377845675,33.76370583147248,-117.93191710534612,7613
96349,96349,0.01161756230912457,0.013967293768286865,0.015037116360977775,0.012908358734934615,0.01319725516906275,0.013512360294783036,34.167836699742985,-118.51769823432785,8949
96383,96383,0.01320314249398146,0.01309607506486956,0.013592714303288754,0.017384569898472785,0.013509575855908255,0.013141431894894617,34.21014197334404,-118.87452590566038,12455
96022,96022,0.009596216528355836,0.01151066770007989,0.014100469288850592,0.016260856379952567,0.011079385251675719,0.00990764169439998,34.13558937151075,-118.2065130715615,5911
96485,96485,0.015435789578767473,0.019073369616959893,0.02134165932299232,0.13502426391196323,0.028407864887989465,0.02387204049465804,34.11744720736086,-117.85516961026332,6684
96963,96963,0.002700307218260822,-0.00006246584014997396,0.015762349737336596,0.004621372716298263,0.011125763325636511,0.008710193891176589,33.61261561264442,-117.7346955144416,6232
96943,96943,0.013845482854383024,0.013929610047315043,0.010840057484992779,0.01284123507006074,0.011048048922514419,0.01156490238076438,33.69902861062737,-117.80129247488279,4479
97344,97344,0.01485984712970103,0.01821937486733153,0.025579230468734702,0.04806335720461692,0.02811695607515293,0.023272342387945028,34.5994474760788,-117.83498210037523,2132
96221,96221,0.011961283391788532,0.013923639667583,0.016096261092417914,0.01375960143197275,0.013721654081196605,0.012633244086946601,33.81444937829501,-118.28781946307721,10698
96268,96268,0.014691256506041311,0.018907833984363957,0.013565192198850868,0.01633049906285066,0.013399611701104767,0.01355578403314346,34.12594657568723,-118.05098028124618,8185
96068,96068,0.00027911095769854975,-0.007968197509513553,0.007165057444488416,0.001354782821168553,0.002406063222909891,0.007459944257303878,34.112617,-118.322808,1
97177,97177,0.01573978512099037,0.022977594444056827,0.029578021601657747,0.15022288766055525,0.04332491786854461,0.02342616713413156,34.770209578947366,-118.81356994736842,19
96021,96021,0.010018931172638624,0.009207977109717444,0.01566723612391597,0.01794802599074362,0.0145714706083037,0.014082051668178835,33.998711458779695,-118.15549407172799,2147
96450,96450,0.011577184037600224,0.013449315614464833,0.014425417348853066,0.025419912901582405,0.01287327154347071,0.012249528410142664,34.20948557087379,-118.40137320815533,7725
97329,97329,0.01852852926552927,0.022362172392184673,0.015543049572806743,0.08415017653831001,0.023080791881874868,0.019351269231477227,34.604080266638434,-118.18596765930542,16528
96329,96329,0.008313777148024283,0.006323764065332486,0.009933616086251486,-0.0010967037576073784,0.007461904720395983,0.008591438348125525,34.14342729,-118.25473098,100
96975,96975,0.017139611843700428,0.019716856637564954,0.014354656389288602,0.021591155839291474,0.018713244186907865,0.020557132102592305,33.60058088455618,-117.82856604617753,3898
97048,97048,0.014210823330060518,0.014452717264925332,0.023525835687996453,0.13556741310202572,0.02467352234733441,0.02267853695870061,33.787204460520236,-117.9748235005387,6497
96993,96993,0.012319832908631043,0.01015977869499218,0.010008207684674423,0.009971487404047586,0.010051626337835604,0.010792019471432112,33.63503351024496,-117.60472987575103,12982
96043,96043,0.008343441292784968,0.011914011664939694,0.014934976580228344,0.019856258080117616,0.015581544691720099,0.014240844510976958,34.0035912760499,-118.30829012739413,5691
96180,96180,0.011341831572440177,0.008744216625674428,0.014592343812004312,0.03300406748389238,0.01462536202744514,0.013508648487790877,33.84155543308663,-118.0113983193731,11485
96237,96237,0.013338722720000347,0.016939956805437643,0.01741836094023076,0.04406532515914713,0.01588578529939926,0.014726793368600008,33.7617429113507,-118.13139657861635,10017
96148,96148,0.12808941679143068,0.24169560254012354,0.18382779745885255,-0.09098969845264351,0.023949316754642465,0.058067719334845655,34.01893377985074,-118.49102810074628,536
96982,96982,0.014424650990629732,0.021065507823691373,0.018822156989708457,0.037486277460271306,0.016468662716709423,0.01639629031484686,33.42788036204247,-117.61221666317218,11065
96278,96278,0.011903873778991887,0.014803518567608323,0.014690230161387086,0.016423692090723224,0.01293219513311728,0.011570956169669432,34.16547749399235,-118.05140683915893,3662
96489,96489,0.014054919010691376,0.016775430593395903,0.015147989590313528,0.0519850833142961,0.017417861778972178,0.016222557816922195,33.99691294919511,-117.96508608003863,15530
96436,96436,0.010912706229270935,0.012602878790126964,0.013996528481465653,0.013026151035830895,0.011498943026845012,0.011105977414719137,34.20288573665314,-118.32844108304714,6406
96091,96091,0.009216215601691651,0.008806124891206172,0.011411804953059978,0.026459203311088343,0.012055163861308161,0.011318001807390584,33.896483959053576,-118.20310985558416,8157
96985,96985,0.01769394310827326,0.023793370738889593,0.029629741352989132,0.17770023211531244,0.033931533354689444,0.030864196123752023,33.500977092558315,-117.65956122260275,10804
96005,96005,0.013597127257994994,0.014444055044823857,0.016883180200034816,0.010171056914284656,0.01309634048407348,0.013614133563163414,34.061917977414595,-118.43505470763817,8811
96002,96002,0.07591493373775059,0.15669682525033246,0.11006401775453901,-0.07634671062764832,0.020522361495977068,0.040387324536682645,34.033338123893806,-118.23687269469028,226
96174,96174,0.009714517040177322,0.010372561425659454,0.014074148472863342,0.02465266715008448,0.01248818404810831,0.012007131051791494,33.97813737443311,-118.06563182171202,7056
96385,96385,0.01705105385963311,0.02225179375544242,0.01736171400242693,0.0722716976567047,0.021580281742859274,0.01976010912564195,34.19414470179058,-118.82821852397062,12119
96505,96505,0.01459192140537923,0.017318529811867704,0.011696979887477435,0.016006197965709523,0.01292851409864603,0.013137991202595864,34.003801467112666,-117.81300897516063,15097
97097,97097,0.01724952447786116,0.019649457668347175,0.016449626765938728,0.0625469733028522,0.020731433355955276,0.01835278622621535,34.27961105974506,-118.8758798850832,10277
97104,97104,0.018535278768218304,0.023128791798740955,0.030200127571067163,0.24114906027907307,0.04213209771196216,0.03531876154313049,34.168830465278816,-119.1697844877499,13306
96523,96523,0.011661817282847521,0.013612307311314164,0.01435184943451656,0.02663833909230208,0.013390656400223638,0.01266633241370689,34.067131910815014,-117.93716945487259,10282
95984,95984,0.007731411181863995,0.005439265838805092,0.014236074158199203,0.023873898563317838,0.016845101356068173,0.01580793195284774,33.96352634810476,-118.27246277500277,9049
96289,96289,0.014583845413189942,0.02057917171460558,0.021455732862695785,0.010972430075236062,0.012707846591700918,0.014891441917116617,34.14315412116419,-118.13932055204049,3161
96336,96336,0.012916855958782471,0.016231300915010894,0.014221544589340333,0.035813394212102424,0.017531846461098136,0.01608281809861025,34.14796418488765,-118.75644107253464,8589
96395,96395,0.015631134237706092,0.014926078209579705,0.01240386458799931,0.01765245347977832,0.01417299982300415,0.014337406334980434,34.39088363649879,-118.58523867868426,5381
96040,96040,0.009301541582114457,0.008475547215908553,0.012933723315204397,0.019784998666187985,0.014982160593093444,0.013701648393243329,33.9276211337931,-118.24725182850575,6525
96122,96122,0.015034535543598284,0.0182013631329254,0.01279170543045156,0.01737114686927566,0.01376576114298799,0.013884780934294369,33.76235551852859,-118.36287653790713,14707
96206,96206,0.013714685463577951,0.016155829957478343,0.013692205159154003,0.022061157814909693,0.014004083017213894,0.01318214832380058,33.86635255386008,-118.06493501312556,15466
96438,96438,0.010229513295331416,0.012256578995947932,0.016018509999931527,0.010494423006160535,0.010652992566466842,0.010342886285568719,34.171816065241636,-118.32368436152416,5380
96152,96152,0.01334770499039725,0.016045332617140213,0.017379317017356427,0.004538809504171292,0.009647222536169923,0.010317790071591417,34.01044657027363,-118.47080113992537,6432
96183,96183,0.013756432008129298,0.013870890111944329,0.013363767272776843,0.014027702719952236,0.012938387323387727,0.0130187303746338,33.84785281578947,-118.04265572742636,4142
97052,97052,0.010693248153874981,0.0067509621724653164,0.011467118514118121,0.011695568436163059,0.01208640992461132,0.01174096750296727,33.783033493504085,-118.02605665163327,5388
96974,96974,0.012691491157391863,0.015191626919501112,0.010820876192418385,0.012356152370823856,0.010593110771965288,0.011104839901363791,33.580153981928504,-117.72738028175702,15162
96433,96433,0.011710719941786463,0.014682166463166668,0.012358138073231389,0.013888506421390069,0.011656728819426993,0.011057831808740154,34.18836281188363,-118.29974878870809,4056
96479,96479,0.012137288880637942,0.012107039294645818,0.016052285100390622,0.06831002789321491,0.018803340141579885,0.016026001212342007,34.074065768500326,-118.0134089163938,9162
96356,96356,0.01398626559438274,0.015934567140881286,0.013517513436178947,0.023304217047095212,0.014764969073745634,0.014489477178883955,34.27918248150443,-118.55324165230088,11300
96275,96275,0.016845011428053672,0.022362615552767074,0.021149853555049294,0.010736751748052043,0.011760082051718886,0.012977601835237596,34.21190298118105,-118.23084741207008,1541
97118,97118,0.014774580796915139,0.015140574667333604,0.01390761542115972,0.03600205343381805,0.015681965918824866,0.015039729283175197,34.263778619833104,-118.77005218397049,20612
96295,96295,0.011388163151752576,0.014194962510893855,0.013280790627158933,0.012861807966777527,0.011512350925203868,0.010690016812322926,34.15223300157202,-118.08766022332482,10178
96451,96451,0.011403471152131415,0.013075508831757702,0.01640750857103103,0.011128230806138019,0.01122624745513763,0.012024010189142896,34.18656332707775,-118.38840333214179,6714
96515,96515,0.018302249850288162,0.022951291859000376,0.024412111617308222,0.021813632835121007,0.014204990434089034,0.01442915384699949,34.08866566269957,-118.09458760116111,6890
96229,96229,0.015169389805634679,0.018729514958498714,0.01853515018080823,0.10109927750040737,0.023376292701776376,0.01990044210900962,33.822450315468274,-118.26793128855333,12781
96467,96467,0.020666172873773633,0.033651818220906946,0.01607137878350864,0.03242210354823371,0.019350517944324557,0.019262351046664548,34.02154885714286,-117.75089151428571,35
96047,96047,0.011379444877427014,0.011592853783761115,0.014538244560437466,0.01043863398933632,0.010892116469265673,0.010096404414012218,34.00258125839645,-118.43161645069148,12148
96204,96204,0.01606728029652049,0.021716589767852533,0.022008210892160898,0.059258213078577086,0.02039544561769283,0.01916469443326087,33.86752552328535,-118.07838893395427,3543
97025,97025,0.01614245948583608,0.018405019154923444,0.02826027366100744,0.17981880887471177,0.030164647379456188,0.02837356556873225,33.837686140466616,-117.87590073097346,6215
96965,96965,0.012673195120568978,0.012870957803333175,0.01821226963908838,0.06517686042940563,0.01840544687443364,0.017483545488866797,33.72300987656401,-118.00722286188643,12468
96366,96366,0.011810539236696156,0.013139448902167781,0.017321340447775998,0.016082847572499885,0.013602147940431653,0.013476249534631592,34.288014627826946,-118.43464448066207,6102
96029,96029,0.019762506932799802,0.026725416022566503,0.02666147652866493,0.006866567150321675,0.0121315855133381,0.014950387237574678,34.07331291431392,-118.37346475873643,5065
96192,96192,0.012108916134995219,0.012061562146261933,0.01327052410502067,0.01588846407997256,0.012011314431068369,0.011782515129344312,34.017141031188736,-118.11089645107823,11222
96475,96475,0.016147003120074294,0.020856606248420215,0.02017266020215133,0.10881442830381324,0.026153971931679686,0.022037305604291145,34.091570926287496,-117.8561813106961,7068
96293,96293,0.016772845352746747,0.024774414533383034,0.01970800886733525,0.015959605310839873,0.014254635132012751,0.014626601399444668,34.136490419719586,-118.16628073315242,4422
96987,96987,0.013407120641092877,0.01646444302370346,0.012034516994755762,0.014075087152524236,0.012233593246479947,0.012700456607567906,33.52946410603515,-117.70165337654966,22021
96049,96049,0.011442818523049845,0.01263099321983775,0.013191054327423067,0.010287663520576574,0.011588865411582869,0.011109273945429597,34.11850218106656,-118.33279459032657,7257
97298,97298,0.027020271802911104,0.03984753467091805,0.020851164128597242,0.07858458920189056,0.026976007185024273,0.023862546396059788,34.48836395937141,-118.18873145534688,2609
96939,96939,0.015436556301780568,0.01596675679004186,0.010860282936576614,0.012174720655003397,0.011639124280196034,0.012253223499832638,33.73116533096735,-117.77201730277835,4931
96379,96379,0.01542055269074764,0.01926375976023486,0.017450095629661107,0.01737111476954549,0.015402142677161697,0.01597946178204651,34.165579434430896,-118.54266082180699,8777
96095,96095,0.011104330785072674,0.012202326296887188,0.014943912976793797,0.01832955851572691,0.011480869343562043,0.011587729706063704,33.99668391692275,-118.39622157550068,9437
96325,96325,0.011706159491699796,0.01512882892236691,0.01381146079422478,0.013770667253867936,0.012167475585921081,0.011909608353581591,34.15821330508721,-118.2288794556686,6880
96292,96292,0.00932912689679842,0.012057837495931121,0.013599970955624863,0.013189897968639584,0.011191599752451558,0.009809947206270606,34.167701611822,-118.1222124682369,8831
96238,96238,0.009841751601089766,0.010059691500100549,0.01454133374758979,0.009514268135080078,0.010451383323893866,0.010464412324972734,33.78256175385201,-118.15042233231881,5257
96953,96953,0.0007338718933162999,-0.006420674262661394,0.007165057444488416,-0.000044212423056750835,0.0033608358560277525,0.0073454093150411475,33.729743,-117.630722,1
97185,97185,0.07495411434741032,0.11949266669463503,0.1257501546892604,0.10418891076960855,0.2226054880490823,0.12214250133297483,34.701357,-119.320408,2
97336,97336,0.01745917996286455,0.025007371617897636,0.019317178049593483,0.018029269597118126,0.01970799121912487,0.017711484134719884,34.81234575,-118.2376385,4
96069,96069,0.015429551320459391,0.023311648358666726,0.024443305888371042,0.03367407186563198,0.021480468559553885,0.02121503808493812,34.022987,-118.283392,2
97096,97096,0.011356288582349468,0.014906367957393748,0.007165057444488416,0.011478277033367148,0.007589793102366228,0.00901050698546818,34.2756,-118.88,1
96114,96114,-0.001371298460290979,-0.04972350244157385,0.017133854772899602,0.16444026632341435,0.05449108402978882,0.06768316336213728,34.038384,-118.707766,2
97088,97088,0.03167924843794206,0.04052205595797353,0.04786126115056187,0.003382849526235662,0.03207629995555002,0.029648871689805907,34.3781694,-119.11364540000001,5
96034,96034,0.0064482251562848645,0.003777645540312489,0.007165057444488416,0.0036404356209997673,0.005152205745263269,0.00827678462122691,34.049,-118.528,1
96988,96988,0.00019957274639183752,-0.007910984709171703,0.06525001816478684,0.0444145863159631,0.06291593371682815,0.038293260135218735,33.6619165,-117.587791,2
96859,96859,0.011308127067785487,0.014489443996937433,0.021271421179393096,0.021560801248102737,0.021513172283343446,0.01862540504281648,34.359279,-117.6530745,2
96313,96313,0.003118572875725052,0.010872227697438378,0.08974020735133797,0.9686455194557639,0.18508894498064776,0.05852019974357536,34.139206,-118.159241,1
96453,96453,0.0014874654572249852,-0.004957511515921265,0.08974020735133797,1.0008249536140499,0.20067548791076245,0.06080198758585512,34.143139,-118.335438,1
96258,96258,-0.04589574772161568,-0.3366882122726382,-0.12263664879066369,0.036047313314203605,-0.009081256863223685,-0.0059543532847707295,33.823831,-118.141715,1
