regionidzip,ParcelCount,MeanLRPrediction,MeanLRRmsePrediction,MeanGBPrediction,MeanGBRmsePrediction,MeanRFPrediction,MeanRFRmsePrediction,latitude,longitude,ZIP
95982,7158,0.007695222796236563,0.004887652525869391,0.012389297406242134,0.01796123069150585,0.016031519816885206,0.014276669030986882,33.971854461581444,-118.2485888136351,90001
95983,7479,0.008765030042460232,0.007379943707675185,0.013176090351650531,0.020095498712753276,0.015366602748994887,0.014088133302098117,33.949265515175824,-118.24801261612515,90002
95984,9049,0.007731411181863997,0.005439265838805094,0.014236074158199196,0.023873898563317838,0.016845101356068173,0.015807931952847746,33.96352634810476,-118.27246277500277,90003
95985,5460,0.01579868620364869,0.022543583967628955,0.020558702800733044,0.006857171266973222,0.013328291309291208,0.01385248909649952,34.07687938736264,-118.31322415109891,90004
95986,2096,0.020122817172411073,0.03115665099464279,0.023418381422135457,0.009943976955442326,0.012893420727366574,0.01555306752997081,34.05950970515267,-118.31376988788168,90005
95987,3139,0.020047070841726227,0.03161909601220959,0.030854735943680007,0.02093723448740477,0.019679556438682716,0.019996982036230834,34.04849206403313,-118.29475958362536,90006
95988,2467,0.024392078225974972,0.04234433851023347,0.03622984493666048,0.02719058033581956,0.021259628668089402,0.02472170756839316,34.029834355087154,-118.29086081353871,90007
96043,5691,0.00834344129278497,0.011914011664939694,0.014934976580228333,0.01985625808011762,0.015581544691720095,0.014240844510976961,34.0035912760499,-118.30829012739413,90008
95992,10122,0.00870701353206272,0.008838887394783735,0.014912188456576471,0.02256677179626904,0.01656233784244556,0.014436346567135877,34.00619385299348,-118.25745992452084,90011
95993,2514,0.03260648342333263,0.05164619097908221,0.05372656274118834,0.008872150718092215,0.02144958977128328,0.026454872771243584,34.05746188345267,-118.24423145664281,90012
95996,2687,0.019049532643138217,0.030262572097211716,0.028835557987785733,0.005334741117853495,0.01110558395617556,0.0155916523302804,34.04347943617417,-118.26488299813919,90015
95997,8446,0.00992614913043642,0.012694895082823432,0.016881355151435243,0.01620543876199875,0.015034489396122779,0.012697693893780757,34.0290080462941,-118.35340818280842,90016
95998,532,0.028473750658069466,0.05686867013687401,0.04096891407277781,-0.014099479702709208,0.011456694619209697,0.020123992543351742,34.05066090789474,-118.2625607631579,90017
95999,6682,0.010039291281916708,0.01481837378636349,0.01603230363048381,0.022013014486689745,0.015237149962027668,0.014048387553398342,34.02665836351392,-118.3164107735708,90018
"",13980,0.002174974234451661,-0.002205174615418328,0.07904699459522603,0.08736556654470012,0.03915897431770879,0.03566886573377985,34.045533665355876,-118.32989446952419,90019
96001,2235,0.018898945321228978,0.02738573673606395,0.026318629186877034,0.008595916390143203,0.01719444873947289,0.01946086389210299,34.0662214917226,-118.30772302281879,90020
95994,895,0.026568974142724862,0.05391360433643419,0.042485675086047954,-0.01229218408195618,0.015285323773243686,0.01927618191516059,34.044475721787705,-118.24047144022347,90021
96003,8671,0.009085225504854659,0.007153382729108348,0.013003650787557506,0.011577029783208499,0.012958064941591957,0.01232233576008971,34.023284379541,-118.15289282677892,90022
96004,4641,0.007965333359083625,0.006464154146767951,0.014945359318734001,0.019152131455101064,0.016450566417209527,0.014264830453450249,34.02504873324715,-118.19637006011635,90023
96005,8811,0.013597127257994994,0.014444055044823855,0.016883180200034806,0.010171056914284658,0.01309634048407348,0.013614133563163412,34.061917977414595,-118.43505470763817,90024
96006,8185,0.013813732668458919,0.015420728749859818,0.01520586915221414,0.008005472257113455,0.009776306710991526,0.011234563708205558,34.04585900256567,-118.44331827648138,90025
96007,8707,0.00949563716153101,0.010544174323187645,0.01729988197865404,0.018147098046000665,0.01556574953205283,0.014007271600108897,34.08048424440106,-118.26409815309522,90026
96008,5943,0.015526074486391069,0.02151152244206641,0.0194614554454594,0.009523447524133059,0.012567572491528619,0.012255529013077377,34.10753121150934,-118.28625299007236,90027
96009,1406,0.06316992407293057,0.10868316634144168,0.09391526847927888,-0.018101199632405373,0.022031969081303553,0.03923924419467829,34.0995321401138,-118.3267250455192,90028
96010,2178,0.01927016719705068,0.029145287632886402,0.03169373486208502,0.018455151190752635,0.015725056646576925,0.01636371423941023,34.0901092805326,-118.2924059775023,90029
96012,4890,0.008457868524623737,0.008874516024062789,0.015795365350341234,0.023755884371825776,0.016569579061438487,0.013894937745529494,34.08101345930471,-118.21118654887526,90031
96013,8604,0.007488092993877244,0.007105229007861964,0.015366901386867101,0.02078161687374651,0.0157205299282752,0.01366143730432257,34.081056509762895,-118.17551351696885,90032
96014,3633,0.00781830102956806,0.008904715707619058,0.0174707740361245,0.03437513176196745,0.01782053750016043,0.014467686094546687,34.048033742912196,-118.2070290927608,90033
96015,6396,0.013760592315392395,0.01675322431382634,0.01565323888417349,0.008251872794253783,0.010700895425845862,0.010964974143229457,34.03110725547217,-118.3995363777361,90034
96016,5625,0.017409532856949635,0.02272617255359274,0.021272591121705434,0.011515260763970988,0.013064063910578716,0.01376187595469082,34.05223939253333,-118.38359806862222,90035
96017,4238,0.02466470563834629,0.03781830037719068,0.03010821200709557,0.008420186463048216,0.01619310990209247,0.018856083442350246,34.07146128338839,-118.34718032468146,90036
96018,6431,0.009531087381572443,0.013283492947063016,0.01658677710945342,0.018083940076807175,0.015413739405430942,0.015508466769465995,34.00060056663039,-118.28737882009018,90037
96019,1744,0.030651604160308932,0.04782188977700304,0.04627533125507945,0.004796536584794124,0.014336459404214935,0.01875613742364682,34.088262336582574,-118.32745408600917,90038
96020,7059,0.009032950718909204,0.009159254662612578,0.013468027609144553,0.013592837010405073,0.011532786473081348,0.010123526315089008,34.10854637144072,-118.25996243122256,90039
96021,2147,0.010018931172638626,0.009207977109717446,0.015667236123915962,0.017948025990743615,0.0145714706083037,0.014082051668178835,33.998711458779695,-118.15549407172799,90040
96022,5911,0.009596216528355838,0.01151066770007989,0.01410046928885058,0.01626085637995257,0.011079385251675719,0.009907641694399979,34.13558937151075,-118.2065130715615,90041
96023,11703,0.008297334163540657,0.008541633790116195,0.013908752049551791,0.01671443881439174,0.013357690494521355,0.011699430728073758,34.11456928958387,-118.19133053473467,90042
96024,10668,0.010249409564029723,0.013662595039611725,0.015473557100482042,0.018546219552197662,0.014074382494884186,0.012849092939897387,33.98841450365579,-118.33383267679041,90043
96025,12277,0.008599186965407396,0.00852167510484247,0.014755449447867865,0.01969522113418174,0.016279993896823105,0.015092227624762023,33.955595200944856,-118.29095509831393,90044
96026,10054,0.012214844538163943,0.014302957340590958,0.015206144750845883,0.010750225778907236,0.010937138813739906,0.010680845254759248,33.965716324845836,-118.39676061448179,90045
96027,9301,0.014933070885492,0.017961730491625624,0.020775669068267028,0.00578840543608689,0.01092059629007004,0.012274636729925363,34.10320103397484,-118.36291055295129,90046
96028,12340,0.010217335090783918,0.012503475043192684,0.017053264996118006,0.019727259378965554,0.01566612861037635,0.014344265588979924,33.957795322123175,-118.30784756871961,90047
96029,5065,0.019762506932799805,0.0267254160225665,0.02666147652866492,0.006866567150321675,0.012131585513338096,0.014950387237574678,34.07331291431392,-118.37346475873643,90048
96030,11376,0.015661244159693274,0.016306517881037468,0.016229030863166648,0.014315439348927707,0.015906450599645048,0.015936663193586102,34.06570380485232,-118.4763764796941,90049
96037,2612,0.01664842909348008,0.0218809464494251,0.013866676407733904,0.016609824592707604,0.013504946574130454,0.013722198794601934,33.98578500689127,-118.37190468874427,90056
96038,992,0.03831212597697417,0.06716980437175325,0.053947034437648644,0.02178039656044509,0.02231808912541641,0.029698116401502505,34.065755003024194,-118.27885949798387,90057
96039,196,0.00726204618008437,0.016678645973595037,0.01689160024355103,0.05520203061522274,0.025079789696393497,0.02208084151543694,34.000893673469385,-118.23868713265306,90058
96040,6525,0.009301541582114457,0.008475547215908553,0.012933723315204395,0.019784998666187992,0.014982160593093442,0.013701648393243327,33.9276211337931,-118.24725182850575,90059
96042,4305,0.010318860951886265,0.010007309613219995,0.015040387043086533,0.02217213643677685,0.016203252743116913,0.015223126331216428,33.9229012543554,-118.27125876329849,90061
96044,7437,0.007259193838119837,0.004955709964032419,0.012084582594552584,0.017274952795354022,0.015501972148376203,0.012995341460030651,34.044342135000676,-118.18547385074628,90063
96046,9582,0.009381147497748694,0.009914223752124912,0.014263443001549515,0.01744096012408931,0.013776665241587403,0.012405760500912097,34.109578381340015,-118.22432851502818,90065
96047,12148,0.011379444877427014,0.011592853783761113,0.014538244560437456,0.01043863398933632,0.010892116469265673,0.010096404414012215,34.00258125839645,-118.43161645069148,90066
96045,7648,0.013399332887220011,0.015132205898719695,0.016487302854237815,0.00683523767751226,0.010489412777845921,0.010476767392721341,34.03603125013075,-118.42511712146967,90067
96049,7257,0.011442818523049847,0.012630993219837747,0.013191054327423058,0.010287663520576574,0.011588865411582877,0.011109273945429602,34.11850218106656,-118.33279459032657,90068
96050,7682,0.0139326185870888,0.014108344257793944,0.02130632515744341,-5.420894464727689E-4,0.009923465219635658,0.012791511121329518,34.09134046771674,-118.37994476243165,90069
96072,2037,0.009434071602384353,0.001900448331429822,0.011397222843149183,0.044397143314995224,0.015681613071647418,0.012343738267046808,33.97217742857143,-118.42504629013256,90094
96058,3846,0.015126929969313582,0.014266532698386925,0.013127474862955684,0.018676675066434764,0.01986967862003238,0.018714394790541235,34.107077562402495,-118.45305021918877,90095
96083,7902,0.010951097487152029,0.008086513093053029,0.012964901502163426,0.03677333631084558,0.013555827462050935,0.012429248304422788,33.970736186661604,-118.17255520387245,90201
96086,8120,0.020377239409982702,0.022306186322234113,0.021940632031724375,0.008935753202524445,0.021867643982620134,0.02351164906858157,34.094708430049266,-118.4095455070197,90210
96087,1897,0.021562295129574343,0.027490378139999827,0.028713178765794562,2.810698797136599E-4,0.01462958723076791,0.016723616327412195,34.065337890353184,-118.38246023827095,90211
96088,2146,0.0268362256290665,0.0376802288820986,0.033311705106572574,-0.00918533424453777,0.017240454405886365,0.02092679065320886,34.06194508760484,-118.39987491565704,90212
96090,10173,0.015509531880821915,0.019248826286280024,0.022924253313367726,0.1965772142044948,0.03784653941223844,0.02869954622376045,33.889349398604146,-118.23923206566401,90220
96091,8157,0.009216215601691651,0.00880612489120617,0.01141180495305997,0.026459203311088347,0.012055163861308157,0.011318001807390584,33.896483959053576,-118.20310985558416,90221
96092,5668,0.008347845023194751,0.006594736039891562,0.0109265067228114,0.015260578784652009,0.012738069593186182,0.011932546110556974,33.91080730698659,-118.23715461326746,90222
96095,9437,0.011104330785072676,0.012202326296887186,0.014943912976793795,0.018329558515726905,0.011480869343562045,0.011587729706063704,33.99668391692275,-118.39622157550068,90230
96097,3380,0.013954384607520624,0.01492851070577704,0.016149302655334333,0.00405764683727989,0.009181068185044421,0.010317097006025155,34.01732106183432,-118.39415898461539,90232
96100,6035,0.012525154060510024,0.01541650172930368,0.013682554982893402,0.011566959485807106,0.01120263025470856,0.011084478666416339,33.95718161126761,-118.1175080256835,90240
96101,7670,0.012496108788923675,0.014746548616923115,0.014876988461218325,0.01677024755353042,0.011975133641716743,0.011641288369337501,33.94186361877444,-118.1300888584094,90241
96102,7418,0.010647588905192374,0.011600348482870218,0.012896247862195185,0.019341049617973064,0.011070932351139757,0.010734046015712805,33.92120242666487,-118.14165161364248,90242
96103,3947,0.014610613393004018,0.018197981933805125,0.01655184824778219,0.01552182092813493,0.011903351561973483,0.010768370089283115,33.925226577653916,-118.41241228984039,90245
96104,8179,0.013054932687911393,0.01479229987526729,0.0178134864120405,0.05396112718047334,0.018054516877980407,0.016205858683739024,33.89151976977625,-118.2968146832131,90247
96105,2675,0.016006858314428572,0.02042950377642348,0.024501845123802463,0.142412669916331,0.030005814798207374,0.024910875997366928,33.873125046728966,-118.2917990904673,90248
96106,5964,0.011153520780850221,0.01328872939619748,0.01545300923687575,0.017634427148921543,0.012115006489064696,0.011074956205376069,33.898395678236085,-118.31960470020121,90249
96107,13217,0.01188096999862641,0.011924362594360185,0.014159343550499505,0.012633001016029143,0.011023677140050233,0.010832389120620121,33.913130432019365,-118.35194766906257,90250
96109,6257,0.014331838243820082,0.016002415047000066,0.01578826559386915,0.02319461293669099,0.013518326002365577,0.013624571059872538,33.864987646955406,-118.39517544270417,90254
96110,8291,0.012783781596948275,0.01471547301020072,0.01856439948504296,0.00909348447300579,0.011763279167914082,0.012610654373666392,33.97481889313713,-118.21485478542998,90255
96111,5967,0.01343501556490229,0.013782546779066528,0.015444125097654417,0.011118432493029939,0.012030599312262184,0.011861408108566623,33.88815124652254,-118.35076180408916,90260
96113,8905,0.008632777617766943,0.007623144766224092,0.011068158123390964,0.01613546692839045,0.01059025789480563,0.00978903287632803,33.92305668298709,-118.19896836574958,90262
96114,2,-0.001371298460290979,-0.04972350244157385,0.017133854772899602,0.16444026632341435,0.05449108402978882,0.06768316336213728,34.038384,-118.707766,90263
96116,7666,0.015202776966090736,0.012846962508848992,0.018808575345782994,0.07037251228933465,0.02379120976132061,0.020685336279092182,34.03777277589355,-118.75381222515001,90265
96117,12344,0.015520828575490546,0.01709371010071851,0.017354373328305354,0.015797571319716923,0.014776907023786097,0.015202082878558162,33.88995096605638,-118.39962718511018,90266
96119,2765,0.0097280396231259,0.007802957390890915,0.01576673096991331,0.011307063273675855,0.012780146126110913,0.012438479849162043,33.989021145750456,-118.18718970669077,90270
96120,8830,0.017739503729814494,0.018986551890583334,0.01987521475228331,0.042651830761680345,0.02034246341599054,0.019797131507021472,34.051750543035105,-118.53653900339751,90272
96122,14707,0.015034535543598283,0.018201363132925405,0.012791705430451545,0.017371146869275655,0.01376576114298799,0.013884780934294369,33.76235551852859,-118.36287653790713,90274
96121,9702,0.01677642792670562,0.020312209327715082,0.015664011110332512,0.018833561619685284,0.01700783153547003,0.016315694261482588,33.780968766336834,-118.37640609224903,90275
96123,10639,0.013524097514993904,0.015553651927032461,0.013273330059914922,0.012337807649371814,0.011456914926862006,0.011373820715368561,33.83038598919071,-118.38269404145126,90277
96124,11838,0.01514254020821887,0.01751554156920732,0.012752507990363067,0.016022016725016786,0.01218188428953447,0.012002491988532317,33.870457626119276,-118.37222579954384,90278
96125,13869,0.009267662884619705,0.009249050603994623,0.014344304469300746,0.027626420789561776,0.012347065368041713,0.011612027384506772,33.94388901723268,-118.19655650897687,90280
96126,2369,0.012645593202805557,0.015284664555718187,0.018167646726404307,0.02886099918380637,0.017868318882045337,0.014755416792850128,34.10492932503166,-118.60259342929507,90290
96127,7002,0.010221422791285703,0.0077935269151051785,0.014930824944440764,0.006600934791485859,0.009643614792000833,0.008690864551466865,33.99343452627821,-118.46063781962296,90291
96128,5919,0.011098782441714606,0.011761219390671429,0.013400215923331094,0.0076418929113099875,0.009644240534599708,0.011342912356427759,33.98169716708904,-118.447696672073,90292
96129,4216,0.011253874727653792,0.012111431957328497,0.014222419643723458,0.014370218095622925,0.01206591224349267,0.012285273523647637,33.95686301114801,-118.43851968121442,90293
96133,4541,0.013785104029534034,0.016807851014208813,0.0203729353965232,0.010729738412203444,0.012329942501142537,0.013258356946003955,33.95571525060559,-118.35682667870513,90301
96134,4400,0.012474988382770101,0.013991170629624712,0.01766293423306689,0.012540704229095046,0.012928752563681733,0.012643890041218854,33.97589406454545,-118.35500977454547,90302
96135,3900,0.011579461526820874,0.01151142098852057,0.014534921589606514,0.013040424026231519,0.012800981324074737,0.012157756658255185,33.93578226410256,-118.32936428512821,90303
96136,2958,0.010461415382664879,0.00875039739699281,0.012147056280087146,0.0058689854102317,0.009522373492951507,0.009535150575476069,33.937563554428664,-118.35663560243408,90304
96137,4638,0.012157431064279458,0.01371785067756855,0.014620256826034765,0.01275767826494644,0.011526091436222897,0.01194775297913494,33.95885877231565,-118.32667871237602,90305
96148,536,0.12808941679143068,0.24169560254012354,0.18382779745885258,-0.09098969845264353,0.02394931675464246,0.05806771933484565,34.01893377985074,-118.49102810074628,90401
96149,4503,0.016730363132606837,0.018015427647986255,0.013962287469207493,0.006448391856968469,0.013887533730488504,0.01376283131807046,34.03435948989563,-118.50302243326671,90402
96150,4915,0.015331451827236204,0.018315756852458186,0.01882979861882497,0.0028348205538344514,0.009856898158386843,0.011718977235498798,34.030541007324516,-118.49099816581891,90403
96151,3101,0.012866687379445,0.014146840489952246,0.01638138107179106,0.009231658453778145,0.00986342548166898,0.010646442623416914,34.02926699613028,-118.47304545082231,90404
96152,6432,0.013347704990397252,0.016045332617140213,0.01737931701735641,0.004538809504171291,0.009647222536169925,0.010317790071591417,34.01044657027363,-118.47080113992537,90405
96159,8577,0.014947917252842583,0.018405648579929615,0.018443840018740987,0.05815428418733782,0.017447012715674993,0.016113789270691313,33.82506962177917,-118.31418570269325,90501
96221,10698,0.011961283391788532,0.013923639667582999,0.01609626109241791,0.01375960143197275,0.013721654081196605,0.0126332440869466,33.81444937829501,-118.28781946307721,90502
96161,10912,0.013573075505777734,0.01617068883687488,0.012754197837858711,0.022945641632061024,0.012951140346830039,0.012156915284996036,33.838568703445745,-118.35321431451612,90503
96162,8379,0.012119440856605369,0.013994505353240044,0.014075861973749765,0.024849115540226285,0.013541556117356421,0.012148020936971623,33.870286427736005,-118.32923588793412,90504
96163,9695,0.01537085917476446,0.019520073420905545,0.01645629578912707,0.02837354287290877,0.014447076008424339,0.013773158974983626,33.81128102795255,-118.35042525889634,90505
96169,8003,0.012358949445417242,0.014759994896880449,0.014194250772651717,0.02147278243830066,0.012569911967044546,0.012153858974182044,34.003089882169185,-118.03868571185805,90601
96170,3991,0.01174614106821257,0.013198620952455775,0.014819392239874737,0.015969585604280665,0.011221222423029057,0.010983894418541322,33.966915399899776,-118.03085303858683,90602
96171,6235,0.012212644590401635,0.014545941977572398,0.01360405663379393,0.024963893355772242,0.013165866322215223,0.012105410549836212,33.94313283849238,-117.99253549735364,90603
96172,9135,0.011099139900883227,0.012122094449039842,0.01301632184530599,0.022344637376656356,0.012949217324847795,0.011952894543300518,33.93020589819376,-118.01060554318555,90604
96173,8810,0.01065403945142284,0.01194763258775953,0.013203578708756864,0.013792867779668552,0.011383529235481615,0.01105713708691299,33.94457502133939,-118.03227082099886,90605
96174,7056,0.009714517040177322,0.010372561425659458,0.014074148472863337,0.024652667150084483,0.012488184048108312,0.012007131051791495,33.97813737443311,-118.06563182171202,90606
96180,11485,0.011341831572440182,0.008744216625674428,0.01459234381200431,0.03300406748389238,0.014625362027445134,0.013508648487790879,33.84155543308663,-118.0113983193731,90620
96181,5337,0.013240122031806956,0.01445062168352999,0.01542156408050977,0.04036170338758742,0.015148725187541841,0.014840858672666005,33.877598886640435,-117.99167693273374,90621
96183,4142,0.013756432008129297,0.01387089011194433,0.013363767272776845,0.014027702719952235,0.01293838732338773,0.013018730374633804,33.84785281578947,-118.04265572742636,90623
96185,13156,0.013442569484399756,0.013100882775010318,0.016928649300701062,0.0584746022971506,0.01744164034372096,0.016828150032635842,33.81759252523563,-118.03915842801763,90630
96186,16047,0.013279987955759902,0.014577742274648416,0.019551181123270676,0.08020749155275705,0.02030364396612532,0.018889909840379575,33.932289572131864,-117.95152934112295,90631
96190,13645,0.011793721018105965,0.012531061047452153,0.012445993136084507,0.01796902545714439,0.012723181481093533,0.011958295681089661,33.906219126419934,-118.00612386170758,90638
96192,11222,0.012108916134995215,0.012061562146261936,0.01327052410502066,0.01588846407997256,0.012011314431068365,0.011782515129344312,34.017141031188736,-118.11089645107823,90640
96193,21759,0.010186171799470995,0.010945171580596873,0.014020708591533138,0.03222430269196643,0.013458522315499894,0.012446020211878009,33.9056352934418,-118.08308379603842,90650
96197,13558,0.010060650610459508,0.010572625919257955,0.014429695813993197,0.04177748252810879,0.015702213340859247,0.013900703847694583,33.98838533471014,-118.08787326648473,90660
96201,3689,0.011075943965015642,0.011747935904535682,0.014428529743571809,0.03101815346680632,0.013917917360039252,0.013057461451362435,33.946404383572784,-118.08308652263486,90670
96203,5690,0.015848930151774264,0.018326619747782737,0.03042906482705412,0.21098503380848643,0.03375414984226812,0.030659277018454657,33.80086106608085,-117.99605987240774,90680
96206,15466,0.013714685463577951,0.01615582995747834,0.01369220515915399,0.022061157814909693,0.014004083017213896,0.013182148323800583,33.86635255386008,-118.06493501312556,90701
96207,1142,0.006893822435323725,0.001468334202552141,0.007139621085039521,0.005586475109805638,0.005044867819859721,0.005446496786867821,33.34386572329247,-118.32743215323994,90704
96210,5441,0.0173561459535946,0.022883890602951106,0.023547390253997557,0.1706789608295122,0.03256931205461108,0.026669424341435825,33.798898997610735,-118.29990953537953,90710
96212,9532,0.009167532395966802,0.010055009860991468,0.011838526483677338,0.010801817969672264,0.009297407225870804,0.00904523678328032,33.8521051438313,-118.1452969378934,90712
96213,9422,0.00922693369216527,0.00990952818218156,0.012244961076744146,0.011353500816049057,0.009810589573913987,0.009478954824484699,33.847081012948415,-118.11157012078115,90713
96215,4440,0.011425093242747524,0.012478748528628715,0.014525772734496713,0.03534556575072438,0.015606506054289055,0.014046272965011689,33.840686166441444,-118.07660809054055,90715
96216,2312,0.013804719193514777,0.016673316082818888,0.023028531724222073,0.10711409505349113,0.027249813072248167,0.023476567949714672,33.82933552378893,-118.07188283520762,90716
96222,7293,0.01229759369558754,0.014788752216290795,0.014130972183703074,0.039717704474487525,0.015083585731063512,0.013799952637581606,33.77651168298368,-118.30757348580832,90717
96218,5800,0.013170204623050215,0.013720992667785491,0.016493185932504036,0.04050308800241739,0.016519889497442583,0.01574348741115594,33.79285478258621,-118.07272305293104,90720
96220,7832,0.015881579050719158,0.020367137105457494,0.02640922536685763,0.19531721499744187,0.03721837439820091,0.03012449581543988,33.89724490308989,-118.1624969514811,90723
96225,5293,0.014544007631377523,0.016182411213800086,0.01857221193141287,0.03906763446545881,0.016959206587265283,0.01669182397709863,33.761677362176464,-118.08053314925372,90740
96226,305,0.014744123060372793,0.021120110119926074,0.020384082488345043,0.015071227032437857,0.013158439034682485,0.01668615710755259,33.7179006,-118.07032445901639,90742
96228,7195,0.01124376898968053,0.012920830361786954,0.017959839376906945,0.03364184539499817,0.016962058482082504,0.01573850586536333,33.78862225170257,-118.26526797762334,90744
96229,12781,0.015169389805634675,0.01872951495849871,0.018535150180808216,0.10109927750040737,0.023376292701776373,0.01990044210900962,33.822450315468274,-118.26793128855333,90745
96230,7654,0.016782712435367178,0.02207898509543452,0.019030259004278554,0.11729292725068027,0.027072916882236713,0.022542139097976158,33.86007600313562,-118.25494707943558,90747
96234,3155,0.011475532486510615,0.011581199230701087,0.014452178687029301,0.018827777392708828,0.014418159268820317,0.01431217875555922,33.79863065800317,-118.16448280190174,90755
96236,9290,0.009392259908581502,0.01432366014695144,0.01787979801473854,0.01961653852578723,0.015262178204235718,0.014354563336643858,33.76919358116254,-118.1840861227126,90802
96237,10017,0.01333872272000035,0.016939956805437643,0.017418360940230755,0.04406532515914713,0.015885785299399262,0.014726793368600005,33.7617429113507,-118.13139657861635,90803
96238,5257,0.009841751601089766,0.010059691500100549,0.014541333747589778,0.00951426813508008,0.010451383323893866,0.01046441232497273,33.78256175385201,-118.15042233231881,90804
96239,14997,0.010968516472861406,0.012554988960191991,0.018091846395298258,0.08570373243829281,0.02046859201792803,0.017865267986192257,33.86413413175969,-118.18061739921318,90805
96240,6036,0.009785960458805915,0.010813215407429954,0.014738428261005278,0.01273677634547366,0.011343582795460294,0.011562746796677405,33.80247077816435,-118.1928986676607,90806
96241,8516,0.01208626765089969,0.015743258123561202,0.01601659251829513,0.012556637953516825,0.011205760130050108,0.010979345642279332,33.83099976373884,-118.18076101409112,90807
96242,13394,0.010271813338229576,0.011702047979165991,0.012851285903208543,0.011440321177707597,0.01041596999820331,0.009952190136550857,33.823180744437806,-118.110093085934,90808
96244,6762,0.011292906733180282,0.013230248567021876,0.017151029307295933,0.061135309751846265,0.01821019303858483,0.016336564034053567,33.815548799763384,-118.21450687414966,90810
96245,4526,0.008626518779142948,0.009041199528376596,0.015887102915181497,0.019208287841773072,0.014776718502541723,0.013960835389314063,33.781396325011045,-118.18223732280158,90813
96246,4651,0.010120069445221041,0.012412170196104052,0.013178865113088408,0.011532308820530805,0.011173140086854227,0.010534156311671001,33.77115506536229,-118.14264307310256,90814
96247,12394,0.011239347834194075,0.013386732661755284,0.013224700519182635,0.01306868811416603,0.011548836226265779,0.01103415573929515,33.79505973826045,-118.11625569009199,90815
96265,11464,0.010619310733240902,0.013455558003752088,0.01367878736215814,0.015009023183302514,0.012263275640021365,0.011068280965866099,34.1917821878053,-118.13810889157362,91001
96267,9620,0.015203977325203814,0.019399464372704654,0.015503718460577494,0.01727374307684079,0.013645861955189187,0.013528178738678471,34.13159114781705,-118.02448423711019,91006
96268,8185,0.014691256506041313,0.018907833984363957,0.013565192198850853,0.016330499062850657,0.013399611701104767,0.013555784033143456,34.12594657568723,-118.05098028124618,91007
96270,6563,0.009902405950316535,0.008853800173824837,0.012536925536450893,0.023551576395528566,0.01230437883743646,0.012066538858155985,34.13741514825537,-117.96445394834679,91010
96271,6922,0.014290153248019799,0.01709133658276885,0.013095505416066883,0.016261075777445268,0.014454635463074936,0.013552953468746364,34.20912539988443,-118.20010137359145,91011
96273,10150,0.011271181241471166,0.011652578510412168,0.014350731528312118,0.025731694167511147,0.013132316549691894,0.012070889593551789,34.144889272709364,-118.00100137270937,91016
96275,1541,0.016845011428053676,0.022362615552767074,0.021149853555049294,0.010736751748052043,0.01176008205171889,0.012977601835237596,34.21190298118105,-118.23084741207008,91020
96278,3662,0.011903873778991889,0.014803518567608321,0.014690230161387078,0.016423692090723224,0.012932195133117276,0.01157095616966943,34.16547749399235,-118.05140683915893,91024
96280,6116,0.012362390630462303,0.015779785159103294,0.01377550986246843,0.013412829632891502,0.011122704966883983,0.011170777612706444,34.109665630150424,-118.1560740586985,91030
96282,6358,0.010776540261139935,0.012061394847654332,0.013504059277618677,0.02972308777739921,0.013892342151424309,0.012818992435226115,34.26018933280906,-118.32322093472791,91040
96284,7178,0.010484408119137204,0.010985234015321312,0.013439204821046734,0.01807381521474022,0.012744156570471295,0.01220977893872451,34.2549739846754,-118.28558426177209,91042
96289,3161,0.014583845413189944,0.020579171714605573,0.02145573286269578,0.010972430075236062,0.012707846591700921,0.01489144191711662,34.14315412116419,-118.13932055204049,91101
96291,5511,0.01276469886213838,0.01663995259156098,0.016873296369480633,0.015841412285452716,0.013509108624283945,0.013293403683975588,34.16767675957177,-118.15937070894576,91103
96292,8831,0.009329126896798419,0.012057837495931121,0.013599970955624853,0.013189897968639583,0.011191599752451556,0.009809947206270602,34.167701611822,-118.1222124682369,91104
96293,4422,0.016772845352746747,0.024774414533383034,0.019708008867335224,0.01595960531083987,0.014254635132012753,0.014626601399444668,34.136490419719586,-118.16628073315242,91105
96295,10178,0.011388163151752577,0.014194962510893855,0.01328079062715893,0.012861807966777527,0.011512350925203868,0.010690016812322926,34.15223300157202,-118.08766022332482,91107
96296,4587,0.015827744937004548,0.018659459952961484,0.015939128601874297,0.00957885014105828,0.01356025784994352,0.013112616817254407,34.120758303902335,-118.11179223065184,91108
96294,6243,0.012684075443300436,0.01644043654057437,0.01549268424294626,0.012761508750502441,0.012811041228617755,0.01307483784744968,34.14056960756047,-118.12859278519942,91125
96320,3796,0.011685951623992046,0.015150710162566057,0.016495628124414685,0.009866788368617048,0.010649223817420868,0.010066937135928225,34.173178935721815,-118.28799985273972,91201
96321,5011,0.011237068188151126,0.015289333012516108,0.013923877690122015,0.011586783942482673,0.01102874275989895,0.0106543594669517,34.16652252943524,-118.26692919078029,91202
96322,1935,0.013480359666279515,0.017847972922293585,0.018794748405120746,0.0043542637675716275,0.01109411863450414,0.012309375770775599,34.15255561550388,-118.26377307286822,91203
96323,1249,0.020477023455968454,0.03155531287435147,0.03205113184786445,0.010012467668327042,0.016316232349247242,0.017815700550306054,34.13887680864692,-118.26047140912729,91204
96324,3664,0.013571878622368916,0.018303209038302962,0.021420457684327588,0.011440571157343692,0.013283261471702472,0.01370360586567053,34.136820656932315,-118.2400901080786,91205
96325,6880,0.011706159491699796,0.015128828922366909,0.013811460794224767,0.013770667253867936,0.012167475585921081,0.011909608353581591,34.15821330508721,-118.2288794556686,91206
96326,3137,0.01262879371910904,0.01817261421775833,0.013923968981282082,0.016686385337390947,0.013317030168572554,0.0122353796856319,34.16609478546382,-118.24465540580172,91207
96327,5194,0.012337606989666378,0.016321616449994844,0.013372580308984843,0.014590978487889365,0.011639441003817993,0.011319369047734338,34.1883641934925,-118.22855022699268,91208
96329,100,0.008313777148024283,0.006323764065332484,0.009933616086251486,-0.0010967037576073782,0.007461904720395984,0.008591438348125525,34.14342729,-118.25473098,91210
96330,9451,0.011230190851907023,0.013431347246191681,0.013905274042889682,0.011808670808579167,0.011108983332867209,0.01063715470813587,34.23225558702782,-118.24646699343985,91214
96336,8589,0.012916855958782471,0.01623130091501089,0.014221544589340265,0.0358133942121024,0.01753184646109814,0.01608281809861024,34.14796418488765,-118.75644107253464,91301
96337,8496,0.01609416692268386,0.020486728107940014,0.018156950471873923,0.06406651419650733,0.025272874900038475,0.02223160696587639,34.1430877162194,-118.65879500517892,91302
96338,3369,0.014574717152854967,0.018131127947712416,0.021215212048835634,0.01130276809691807,0.013062815152763594,0.014137985433251855,34.1994346782428,-118.60363025853368,91303
96339,10522,0.016139737655704284,0.02007323964777635,0.022103731900333864,0.13295955536071608,0.029339999969842698,0.024712669363756753,34.219070105303175,-118.61796105018057,91304
96341,10430,0.011290557778136178,0.01191299137100552,0.012794047104856501,0.012598967427700508,0.01157759722517206,0.011336394305468822,34.2095939586769,-118.57436601668265,91306
96342,8371,0.0135802228915147,0.014868845795369878,0.012946289189881298,0.01602067661359048,0.0138475561666619,0.013518537826001088,34.197127552502685,-118.63993884147654,91307
96346,11046,0.01563165545383291,0.019433758367404845,0.01850854424587705,0.08745078188504059,0.022910962700825113,0.020790163437005495,34.256071842929565,-118.59419956663045,91311
96349,8949,0.011617562309124564,0.013967293768286865,0.01503711636097776,0.012908358734934615,0.013197255169062743,0.013512360294783022,34.167836699742985,-118.51769823432785,91316
96351,14353,0.017487213550032226,0.021146922238070156,0.019463579898165995,0.10199471219567716,0.024314870584508066,0.0220177693098279,34.17754836528949,-118.9384907485543,91320
96352,8248,0.015091865707821353,0.018689465576866727,0.016955097708864993,0.07717748732160115,0.021631448259976333,0.018755735073174067,34.38506986226964,-118.50983685766246,91321
96354,5994,0.015946427870223726,0.019416565967078532,0.018434977878221525,0.048209196688493716,0.017270889067195202,0.017027876724465943,34.23884434884885,-118.54755384351019,91324
96355,7114,0.012729179594818884,0.014875839849162666,0.012786061904578854,0.01514481801227898,0.012146562628624697,0.012173875184905822,34.23571924725892,-118.51680805004217,91330
96361,16564,0.011458214653992427,0.012827592729409932,0.016107915420704035,0.041855440809731075,0.016022662950123716,0.014949091664416306,34.25509866161555,-118.42164118334944,91331
96364,15579,0.01098611762361829,0.011880158450189849,0.014011181811155541,0.02099826045894508,0.012190926663491183,0.0120885751771589,34.20078831728609,-118.54063913402658,91335
96366,6102,0.011810539236696156,0.013139448902167781,0.01732134044777598,0.016082847572499892,0.013602147940431653,0.013476249534631588,34.288014627826946,-118.43464448066207,91340
96368,19761,0.016372756103857317,0.021108485286772432,0.021461963292575728,0.1307764657252312,0.028238362468130558,0.02369809525595527,34.306462635898995,-118.43191045680886,91342
96369,11101,0.01184208877953658,0.012733889394125633,0.012857877360986272,0.014103783732783528,0.011964298265824753,0.011764061246590267,34.239479465723804,-118.47914132159265,91343
96370,14719,0.013278514751680057,0.014873661666535337,0.013414582328164604,0.014272058523127283,0.012541491653084042,0.012680106566914406,34.277833336843536,-118.4992035497656,91344
96371,4458,0.014673938546374193,0.018683180806166957,0.021288639625995674,0.11307233473527344,0.025799715574073265,0.021161937750386967,34.26204461709287,-118.45871046500672,91345
96373,11331,0.013326512141598454,0.011994734953537967,0.012175386622761606,0.03230010501543704,0.014274357810893071,0.013665871089741386,34.441479965404646,-118.50799377477716,91350
96401,10101,0.016723403973718114,0.0196021912148344,0.017754636562245088,0.10847022262859192,0.02601341205138507,0.02205959551794769,34.42289105959806,-118.42359989664389,91351
96375,8503,0.011642635988610324,0.01363955164049033,0.014811318035576585,0.025214669386083164,0.014342591977641993,0.014043389986569756,34.2230021355992,-118.37185079536634,91352
96377,10090,0.012418292387770534,0.009408069082038725,0.011639501664125048,0.02554862463223597,0.01368387217816119,0.012447703468205633,34.44984233885035,-118.55034304053518,91354
96378,10572,0.011525195868580251,0.011094568367116364,0.009963462575319867,0.01574415801327518,0.011128154808759252,0.011040670710918712,34.403205940976164,-118.55434641874763,91355
96379,8777,0.01542055269074764,0.019263759760234863,0.017450095629661128,0.017371114769545507,0.0154021426771617,0.015979461782046504,34.165579434430896,-118.54266082180699,91356
96383,12455,0.01320314249398146,0.013096075064869563,0.013592714303288744,0.01738456989847278,0.013509575855908252,0.013141431894894617,34.21014197334404,-118.87452590566038,91360
96384,7657,0.01636043582362911,0.02127324191253529,0.014879987187156387,0.023858796100237743,0.01657081259110975,0.015835213112947142,34.14564187619172,-118.83702737064125,91361
96385,12119,0.017051053859633115,0.02225179375544242,0.017361714002426906,0.0722716976567047,0.02158028174285926,0.019760109125641953,34.19414470179058,-118.82821852397062,91362
96387,8678,0.016685857933329398,0.02107550664296603,0.018510277007413506,0.039808630236361414,0.017225186146255504,0.01663307080951657,34.15732525144042,-118.60005988130906,91364
96389,12028,0.01161642238410688,0.012444925364550524,0.012711143824640635,0.012568426028550796,0.01169560488737709,0.012165071549486857,34.176083097855,-118.61664957191553,91367
96393,4848,0.01410263303302214,0.011350536168499036,0.010543566839546551,0.011194391137575449,0.011350779825861074,0.011693386770848874,34.179787512169966,-118.76725470565182,91377
96395,5381,0.015631134237706092,0.014926078209579705,0.012403864587999228,0.017652453479778323,0.014172999823004165,0.014337406334980431,34.39088363649879,-118.58523867868426,91381
96398,6574,0.01754035590968034,0.019684367183245417,0.017679255096121074,0.09178565587612919,0.02370178264167157,0.02056560884457385,34.47573765287496,-118.63284467782172,91384
96403,6230,0.017706181791916253,0.021123532614223436,0.017201038835333082,0.07365899154974404,0.02297895157214179,0.019629606527485216,34.48775036661316,-118.46335581284109,91390
96410,6840,0.013016150867646388,0.015250978973558154,0.016002387429353778,0.010033088315983167,0.011165945740751932,0.01173663640279853,34.17732339108187,-118.43112829239766,91401
96411,8358,0.010175984096181876,0.01096584743642566,0.013534030712892199,0.012313068319234696,0.011332493637346138,0.011345516053938728,34.22717130282364,-118.44416104666189,91402
96412,6452,0.014383990103030509,0.01778873875002896,0.01689441627098769,0.010247629367251364,0.011710741075967587,0.012577849593232772,34.15076398078115,-118.4604049783013,91403
96356,11300,0.013986265594382749,0.015934567140881283,0.013517513436178942,0.023304217047095205,0.014764969073745636,0.014489477178883933,34.27918248150443,-118.55324165230088,91405
96415,9593,0.010444047254243605,0.011569423314150014,0.014006384894422895,0.025474258923535692,0.012183258023725132,0.011871775195521149,34.19995783112686,-118.4940834924424,91406
96420,3390,0.010426477112794026,0.010815575563072192,0.01418517866998336,0.009339883466528962,0.010347213594917718,0.010392642763803002,34.17590872772861,-118.45769809026548,91411
96424,7916,0.014381185233721436,0.018023858519953428,0.017384002155422275,0.011150449112483331,0.011778609766609818,0.012471267918501503,34.15171088112683,-118.43153074052552,91423
96426,5285,0.016512896584789254,0.021486477829322576,0.015983907761930854,0.018480600394805976,0.016894156735080837,0.016819174845600623,34.150794090633866,-118.488938656386,91436
96433,4056,0.01171071994178646,0.014682166463166663,0.012358138073231374,0.013888506421390067,0.011656728819426998,0.01105783180874015,34.18836281188363,-118.29974878870809,91501
96434,1075,0.02254709852189204,0.03200724930658631,0.03456005198292044,0.01130400162201678,0.013301919526273716,0.01583667879646076,34.17531006418604,-118.30641505209303,91502
96436,6406,0.010912706229270942,0.012602878790126964,0.013996528481465612,0.013026151035830897,0.011498943026845005,0.011105977414719135,34.20288573665314,-118.32844108304714,91504
96437,8565,0.009286693585717608,0.010648366531023714,0.014451068152185545,0.010157947752117206,0.010353821950711174,0.010106711396349513,34.17050939603036,-118.34452303175715,91505
96438,5380,0.010229513295331415,0.012256578995947936,0.016018509999931495,0.010494423006160538,0.010652992566466844,0.010342886285568715,34.171816065241636,-118.32368436152416,91506
96453,1,0.0014874654572249852,-0.004957511515921265,0.08974020735133797,1.0008249536140499,0.20067548791076245,0.06080198758585512,34.143139,-118.335438,91522
96446,5177,0.01238679575304276,0.014996779729001567,0.01804301954242153,0.00952162238022319,0.010372886360320506,0.010397332693333504,34.167831509175194,-118.37139367606721,91601
96447,4410,0.013802213136730322,0.017275806795074542,0.016880796765679766,0.00912375608368485,0.011358181042211184,0.011993899880783488,34.15126904036281,-118.36751176326531,91602
96449,8639,0.015142839991150792,0.018431164394951162,0.017306653944784603,0.015793368720581215,0.01298724767042806,0.013245048898707664,34.14306619342516,-118.39438266442876,91604
96450,7725,0.011577184037600226,0.013449315614464837,0.014425417348853022,0.025419912901582423,0.012873271543470701,0.012249528410142643,34.20948557087379,-118.40137320815533,91605
96451,6714,0.011403471152131419,0.013075508831757699,0.016407508571030984,0.011128230806138019,0.011226247455137629,0.012024010189142892,34.18656332707775,-118.38840333214179,91606
96452,5397,0.011755282707292973,0.013613797387873237,0.012780154390271258,0.009638194963632057,0.010464872551720798,0.010365163600371955,34.16703795441912,-118.39979066221974,91607
96464,12410,0.012412730954345782,0.013497712034172804,0.01726965568269456,0.06656025953831471,0.020229707704834395,0.01771096800731709,34.12874674730057,-117.90317704230459,91702
96465,13967,0.01114837139182015,0.012073375370202526,0.014982191389813505,0.035874010822891045,0.0155951835621628,0.014508768176568891,34.08475220383762,-117.96900164659556,91706
96467,35,0.020666172873773633,0.033651818220906946,0.01607137878350864,0.03242210354823371,0.019350517944324557,0.019262351046664548,34.02154885714286,-117.75089151428571,91709
96469,9732,0.01429690472618225,0.017689909578730494,0.01425159965752246,0.018340035992561548,0.013797196379759468,0.013748677399535744,34.11250772996301,-117.71888752753802,91711
96473,8645,0.011989443416924405,0.013253816634917445,0.01679132818729898,0.07515864434055378,0.019361512312779765,0.016907654927256006,34.09740680358588,-117.9061876299595,91722
96474,3643,0.013200541694119383,0.014962178456024374,0.016059444455815308,0.012173547981756221,0.011278050552766213,0.01159540446831227,34.08487401427395,-117.8865320307439,91723
96475,7068,0.016147003120074294,0.02085660624842021,0.02017266020215132,0.10881442830381326,0.026153971931679686,0.022037305604291145,34.091570926287496,-117.8561813106961,91724
96478,3897,0.014341733355887327,0.016638785870000592,0.02025488236669788,0.06532251529314323,0.019000824602168745,0.0170996261572691,34.08027076084168,-118.03529931177829,91731
96479,9162,0.012137288880637942,0.012107039294645822,0.016052285100390615,0.06831002789321491,0.018803340141579885,0.01602600121234201,34.074065768500326,-118.0134089163938,91732
96480,5656,0.0120800861578229,0.012927644257308118,0.0171214945269632,0.039568456536393376,0.015999750617214526,0.014240597081982618,34.05339806311881,-118.04363641778642,91733
96485,6684,0.015435789578767475,0.019073369616959882,0.021341659322992302,0.13502426391196323,0.028407864887989465,0.02387204049465804,34.11744720736086,-117.85516961026332,91740
96486,8276,0.014033761257729344,0.017886249549064974,0.015870710524770983,0.03446638655014231,0.016248002237742063,0.015082329323517397,34.13920711793136,-117.8537353098115,91741
96488,15676,0.012567965990326738,0.013987035658963332,0.01784124497675134,0.08181325774335492,0.02153238782154645,0.018826506545369142,34.030642140533296,-117.93582296159735,91744
96489,15530,0.014054919010691369,0.01677543059339591,0.015147989590313514,0.05198508331429608,0.017417861778972178,0.0162225578169222,33.99691294919511,-117.96508608003863,91745
96490,6035,0.011159107271861207,0.010650749530041081,0.013591687730525154,0.02289045891471161,0.014007839857857474,0.013102677978874232,34.04996097033968,-117.98178331864126,91746
96492,10775,0.016844121105324298,0.02059078450879115,0.017460073852261462,0.08165102917226738,0.022021990800968373,0.019709045899153784,33.97991139888631,-117.89515366422273,91748
96494,9893,0.01755637099619637,0.023459794333776998,0.02439181089641475,0.17785784389542772,0.03395366905006515,0.028967830771932716,34.117568845041944,-117.76990330506419,91750
96496,8668,0.013196096822862437,0.014799251776229552,0.015586136292844364,0.015808113849052938,0.013008180758070437,0.012843400893319722,34.0513139784264,-118.13909166059068,91754
96497,6098,0.013482359131694476,0.01565392686545693,0.01433506807826641,0.01681483914426364,0.012663600411725212,0.012433283129944229,34.05309465562479,-118.11612160282058,91755
96500,19,0.008205370860825406,0.013357720693990093,0.018639742160041932,0.04351487752049809,0.028537470995058257,0.01852583368684669,34.23011631578947,-117.66544094736842,91759
96505,15097,0.014591921405379226,0.017318529811867708,0.011696979887477426,0.01600619796570953,0.012928514098646033,0.013137991202595867,34.003801467112666,-117.81300897516063,91765
96506,13019,0.013127458318949277,0.015167171485209132,0.018004851156223533,0.07027326559069448,0.021041887564550908,0.01911328417033532,34.04059241585375,-117.75993697979875,91766
96507,10147,0.012069317914897633,0.014493961113176839,0.01735959702607196,0.05810307039636554,0.018763918357857304,0.017066158520281,34.08235829693505,-117.73628321080123,91767
96508,5953,0.012758728185363557,0.015930517173431913,0.019697442763996636,0.08845055597442132,0.024072374029311165,0.02021594534494251,34.06839311456408,-117.774886028725,91768
96510,11748,0.011526014916271981,0.012144598198320165,0.014183175300418623,0.020763962349276587,0.013366548730634621,0.012264966251902197,34.0657515995063,-118.08371304273068,91770
96513,9990,0.016396195924219193,0.0205717909024814,0.02182510899782368,0.14270367718978727,0.029283690694038952,0.024952165743265354,34.101128152052055,-117.817424493994,91773
96514,6718,0.011468280976389578,0.013227631706401928,0.012091445358105466,0.011325745636705945,0.010231616786571819,0.009644118284289684,34.1144855212861,-118.08804864081571,91775
96515,6890,0.018302249850288155,0.02295129185900038,0.024412111617308222,0.021813632835121003,0.014204990434089038,0.014429153846999491,34.08866566269957,-118.09458760116111,91776
96517,9128,0.011590458923084966,0.012535711775154766,0.012483686123512912,0.012515353194568025,0.010733407602965858,0.009825761766787235,34.1014291504163,-118.05394940852324,91780
96522,12848,0.01681130171415165,0.020060934698693238,0.016261959756968397,0.07758140145098877,0.021545247536911467,0.019138685942830438,34.017425786192405,-117.85839634176526,91789
96523,10282,0.01166181728284752,0.013612307311314163,0.014351849434516548,0.026638339092302083,0.013390656400223641,0.012666332413706887,34.067131910815014,-117.93716945487259,91790
96524,8204,0.013304328941561402,0.015864717171389268,0.013102643335533612,0.016342203027881756,0.013283417418488588,0.012681398317471212,34.061520917601165,-117.89882133032668,91791
96525,6915,0.01372630972916534,0.014497420755656947,0.014121442456197725,0.04567517799554708,0.01619060461732338,0.015285769581233085,34.022166904266086,-117.89783449211858,91792
96531,10182,0.01273319253457894,0.015725259637762858,0.01482322848650924,0.01285943884570322,0.011289642906348756,0.01176876550216542,34.090935902867805,-118.12836895698291,91802
96533,6464,0.009988219931726154,0.011519861782261782,0.013004962447285648,0.01210638208511644,0.010979721707965994,0.01046399964985428,34.07358539774134,-118.1452648019802,91803
97177,19,0.01573978512099037,0.022977594444056827,0.029578021601657754,0.15022288766055525,0.043324917868544616,0.023426167134131558,34.770209578947366,-118.81356994736842,92343
96859,2,0.011308127067785487,0.014489443996937433,0.021271421179393096,0.021560801248102737,0.021513172283343446,0.01862540504281648,34.359279,-117.6530745,92397
96939,4931,0.015436556301780568,0.01596675679004186,0.010860282936576617,0.012174720655003397,0.011639124280196034,0.012253223499832634,33.73116533096735,-117.77201730277835,92602
96940,6202,0.015670285048181177,0.018619553135522094,0.01247110462307351,0.016432510443260544,0.01434300369393961,0.015182983944289425,33.63874290761045,-117.80179596485006,92603
96941,8075,0.011028410548390002,0.011053100332594473,0.011732195852054915,0.011974451674852298,0.011094626775916865,0.01094278349802674,33.688907839504644,-117.78654314266254,92604
96943,4479,0.013845482854383027,0.013929610047315043,0.010840057484992779,0.012841235070060736,0.011048048922514413,0.01156490238076438,33.69902861062737,-117.80129247488279,92606
96946,3381,0.012762263860252419,0.011361113701107983,0.009835018070413995,0.0097127515841816,0.010065598572890282,0.010938787248981362,33.68510499852115,-117.66031082076309,92610
96947,6480,0.011316501410779918,0.0141294477672633,0.010540644150368981,0.010953537284148062,0.00979552036378524,0.010279970128769706,33.66250482546296,-117.82892372083333,92612
96948,6429,0.012351471382162842,0.014384324172873499,0.010183468699602379,0.011794551900990073,0.009878979676324132,0.010469094102401549,33.673939778348114,-117.81239028138124,92614
96952,6704,0.014501402071501355,0.013688574034540177,0.01896072171970682,0.09595686519982977,0.02069898782960919,0.019718668532258482,33.68145264051313,-117.75044069361574,92618
96954,14078,0.014393855049015532,0.014056873636631384,0.016348212992647878,0.04301215597020318,0.015960786200241744,0.015976215087476053,33.70874031474641,-117.75747590630772,92620
96956,2379,0.014136526023290196,0.01771164005001756,0.016883778610638812,0.07356736641359701,0.01805315446552788,0.017854108287645002,33.458294183690626,-117.66166595418242,92624
96957,4803,0.013396197151479819,0.015787966747445707,0.01314030470442077,0.007979168798674632,0.01246168696889512,0.013422840389119492,33.600925304184884,-117.86739498938164,92625
96958,10265,0.012005848286927214,0.011886895186654796,0.01175238168937537,0.011949809653844295,0.011741126557115997,0.011675100299273693,33.67948901919143,-117.91150778792012,92626
96959,10725,0.013748934046472386,0.015898033286464705,0.021923364173833063,0.10829344163987831,0.021332551082835466,0.02058563850095085,33.64746833165501,-117.91593109911422,92627
96961,9875,0.01228928501748316,0.014338254183034287,0.011196840657493368,0.011102703402343081,0.011158408899006662,0.011897680921731919,33.47764844070886,-117.70168504587342,92629
96962,17682,0.0148467718576485,0.01717320874612113,0.023045337329594136,0.12739388003718258,0.024681614842017377,0.023129494425535194,33.64101043151227,-117.68706654524375,92630
96963,6232,0.0027003072182608225,-6.246584014997427E-5,0.015762349737336583,0.004621372716298262,0.011125763325636513,0.008710193891176587,33.61261561264442,-117.7346955144416,92637
96964,19898,0.014032734336066624,0.01466872860319393,0.020770318794153787,0.0988036350263979,0.022604180168523096,0.020754004352662368,33.668258812594225,-117.96819732164037,92646
96965,12468,0.012673195120568978,0.012870957803333175,0.018212269639088376,0.06517686042940563,0.018405446874433636,0.0174835454888668,33.72300987656401,-118.00722286188643,92647
96966,13317,0.01584907507615741,0.0205518697116441,0.020280447742257738,0.08696564067872072,0.021069639667779468,0.020761274011544737,33.675806987534735,-118.00270004926035,92648
96967,11334,0.014032980166818441,0.017063420480238078,0.02082324736644119,0.09691301937739319,0.022562609023169044,0.020876503371375362,33.719727631992235,-118.0461247224281,92649
96969,10226,0.015325073795123437,0.018800069241896967,0.019472276464844025,0.035271184398250416,0.014957400416761706,0.01635920972201636,33.533686730490906,-117.76701191267358,92651
96971,8706,0.014333419709653076,0.017659700702487315,0.018042556333768698,0.06660848486385179,0.019753667566602018,0.018990325336130213,33.594596226051,-117.70153911325524,92653
96973,1458,0.01706917049126426,0.020762719563651263,0.035104376902784624,0.2649761557681333,0.03829956084186131,0.03531239781543512,33.745031700274346,-117.98401276131686,92655
96974,15162,0.012691491157391861,0.01519162691950111,0.010820876192418375,0.012356152370823853,0.010593110771965284,0.0111048399013638,33.580153981928504,-117.72738028175702,92656
96975,3898,0.017139611843700435,0.019716856637564954,0.014354656389288605,0.02159115583929147,0.01871324418690786,0.020557132102592298,33.60058088455618,-117.82856604617753,92657
96978,10248,0.016169047631101684,0.020642783376139194,0.017201612285182057,0.05742325874274744,0.01948955151328645,0.019392759325308033,33.63167945462529,-117.87660041442233,92660
96979,1758,0.015596776887353381,0.020314483308478102,0.020400600378466995,0.009057307699980914,0.013383486066496416,0.0157147104564755,33.60190033390216,-117.89860513481229,92661
96980,1249,0.025041042748127285,0.036710454808958584,0.04005604360841974,0.019351805909803253,0.015345972750549618,0.02167030617857741,33.60657010648519,-117.89229893354684,92662
96981,6897,0.01894766049113228,0.025374324899136932,0.029520707522312777,0.12689840713601797,0.026116434463269132,0.026282200254695035,33.62237201725387,-117.92949736436131,92663
96951,1018,0.016132337213871938,0.01983943129458721,0.011605092164453651,0.016673437984748914,0.012542112545237134,0.012855448052614252,33.6381018605108,-117.83782599705305,92669
96982,11065,0.014424650990629737,0.02106550782369138,0.018822156989708447,0.03748627746027131,0.016468662716709423,0.01639629031484686,33.42788036204247,-117.61221666317218,92672
96983,9373,0.01618990198480227,0.018961198426296826,0.0144702397631254,0.028930940287123053,0.01594473334753596,0.016318065041020947,33.46471340467299,-117.61595361026353,92673
96985,10804,0.01769394310827326,0.023793370738889603,0.029629741352989115,0.17770023211531233,0.03393153335468945,0.03086419612375203,33.500977092558315,-117.65956122260275,92675
96986,748,0.01514549821997009,0.032957997784816645,0.015460177095195692,0.030072891836781742,0.01754859455903607,0.0162530707643766,33.729114778074866,-117.62369812433155,92676
96987,22021,0.013407120641092871,0.01646444302370346,0.012034516994755747,0.01407508715252425,0.012233593246479938,0.01270045660756791,33.52946410603515,-117.70165337654966,92677
96989,10370,0.015569587212074824,0.019765347686847692,0.01328940444827374,0.01823890302405167,0.015874792022599574,0.01635594288288288,33.62909561253616,-117.59060047251688,92679
96990,19147,0.017291539812682194,0.019173430179197107,0.029910491255706047,0.20548901723890964,0.032766500952298445,0.030555705939138107,33.7522279686635,-117.9924185062412,92683
96993,12982,0.012319832908631041,0.010159778694992183,0.010008207684674413,0.009971487404047585,0.010051626337835603,0.010792019471432112,33.63503351024496,-117.60472987575103,92688
96995,15282,0.011600172923690994,0.010937399258350683,0.01296280673124253,0.013065409713981978,0.012159301795527672,0.012085316418840041,33.61500503108232,-117.66438680722419,92691
96996,15777,0.013172897391011178,0.01503748561607259,0.012376108237419768,0.014399000911872347,0.01212537081446151,0.012427849391674326,33.61419045407872,-117.64141016726882,92692
96998,7500,0.015239290247616744,0.01197133904468864,0.011576288832713711,0.011968243560996517,0.012963586832191346,0.014113650359805009,33.549819897999996,-117.63728505293334,92694
97001,5436,0.010586825138172617,0.012587141386849788,0.019037757118203977,0.01406627609681202,0.014563290750011768,0.01419752224058435,33.74763125570272,-117.85599719573216,92701
97003,8650,0.01768476292522424,0.02153718971406617,0.03921172910285897,0.2921177896094409,0.0426621658944878,0.0390880159720248,33.74797158057804,-117.90699541040462,92703
97004,14682,0.015064539002990242,0.01698511056064949,0.02908711533476549,0.18880674130406583,0.031208778666325942,0.029048297814791905,33.72211265311266,-117.90478731146982,92704
97005,11313,0.015320538991551844,0.019407644097389386,0.020095251848015232,0.07955421700352361,0.02210245265805988,0.020622982928426774,33.764844963316534,-117.8116221921683,92705
97006,6010,0.011145679330539733,0.011533287367804313,0.013120917943878072,0.010821636676061435,0.01121580194953135,0.010653995735495943,33.76570559051581,-117.88130588835276,92706
97007,9680,0.009593094412412392,0.00931752231993849,0.014055987063805104,0.02056242936853062,0.012488045192817527,0.011967967693039115,33.715871635433885,-117.87226413016529,92707
97008,16205,0.014218733292475728,0.01499923231629908,0.016598077918573973,0.05260051344487924,0.01712389244081414,0.016502599384423288,33.70988053063869,-117.95242040388769,92708
97016,10160,0.013897585842455741,0.015014027019649495,0.0216152355499712,0.10247494251068277,0.022090001066655957,0.020952167094017697,33.73903309537402,-117.8179585422244,92780
97018,7509,0.013931720622598641,0.014656861327995393,0.0111608362608743,0.013170443735514509,0.012035131706868063,0.012754916019078142,33.733475112931146,-117.7904636232521,92781
97020,8274,0.015551520165841179,0.017798711078001444,0.029590680603953617,0.1966726055390154,0.03216900013504253,0.02905415780352876,33.84435138602852,-117.9555613524293,92801
97021,5784,0.014807109053667042,0.01590120570379506,0.02586641474819363,0.15486222562262297,0.026949450784971435,0.025262626107169738,33.80686099671507,-117.9258156007953,92802
97023,13716,0.0133616214116533,0.013408255985990457,0.021014452491352774,0.10200522291158069,0.022484187131111433,0.0200394552330691,33.81783619663167,-117.97332958865559,92804
97024,10184,0.010822411018471123,0.01126342202762559,0.01665128239331137,0.06098530381684054,0.016085839097260708,0.01515671572900689,33.8341642426355,-117.90545958130402,92805
97025,6215,0.016142459485836078,0.018405019154923444,0.028260273661007442,0.17981880887471172,0.03016464737945618,0.02837356556873225,33.837686140466616,-117.87590073097346,92806
97026,11644,0.014282521380622384,0.015458379788029825,0.017031493741484768,0.061614753459294326,0.017827967410983525,0.0174372864621389,33.84970977404672,-117.78702732617657,92807
97027,6587,0.013669929344134739,0.014996973143436282,0.011231337707923146,0.013972627667916364,0.012274888411537538,0.012785582317652547,33.856164284651584,-117.73981750736299,92808
97035,10218,0.016891141956808468,0.018214283365368407,0.025323231113521628,0.14965610148940775,0.027509720071020136,0.02578639395782217,33.92580428293208,-117.89368380876884,92821
97037,1372,0.019476286675937485,0.021948830479671232,0.026178435144861602,0.16087793923421573,0.029326712420350114,0.027901418703943352,33.9206686632653,-117.83680445189505,92823
97039,6668,0.010509979900533985,0.010582563440958122,0.01324847730643399,0.012687332006167815,0.01245150598496028,0.011950963714642885,33.88165468596281,-117.89756798605279,92831
97040,4209,0.009643734225980546,0.00992937332859219,0.016276184896937523,0.012161366713897375,0.012466569019165914,0.011986289072675885,33.86746308956997,-117.93020672178665,92832
97041,12397,0.012886717530009025,0.012909555358709673,0.016104163697001298,0.05392385079075059,0.016273410688890353,0.015539483651508083,33.87768521271275,-117.96072366112769,92833
97047,10713,0.01320401995107261,0.013044029017492178,0.020900931748049807,0.10452004128554929,0.021311275039476885,0.019655901401811112,33.78618213936339,-117.9319860119481,92840
97048,6497,0.014210823330060518,0.014452717264925332,0.02352583568799645,0.13556741310202572,0.024673522347334404,0.022678536958700615,33.787204460520236,-117.9748235005387,92841
97050,7613,0.01456634206903465,0.014977648548287628,0.02487072987958159,0.15000439652880723,0.02603901454717149,0.02449590937784567,33.76370583147248,-117.93191710534612,92843
97051,4198,0.012158982320633546,0.011848288567920327,0.014890803495732005,0.037643983308112014,0.013771013881224625,0.013737324523790366,33.76553859671272,-117.97050545212005,92844
97052,5388,0.01069324815387498,0.006750962172465315,0.011467118514118115,0.011695568436163057,0.012086409924611317,0.011740967502967272,33.783033493504085,-118.02605665163327,92845
97059,2015,0.017191978031621768,0.023070217414442613,0.016369246871685797,0.023018370381062976,0.020905271406394366,0.018959507968714477,33.81731228337469,-117.80979316774194,92861
97063,5481,0.01339609682975383,0.0141599300193608,0.019916561417529104,0.08723339532955529,0.021331268940531233,0.019282341222231096,33.83208622276957,-117.84640242601715,92865
97064,3162,0.012108414215834827,0.017048115501476686,0.02359596631284364,0.08743437914212031,0.021323400553745816,0.0202942573922276,33.784718524035426,-117.84327739278937,92866
97065,10680,0.015150309761715807,0.01725515051811542,0.02027589790031019,0.08829530168301859,0.02158930689374196,0.020467843906811254,33.81406287116105,-117.81984880945693,92867
97066,3790,0.011734645450213176,0.013429497007769797,0.021091071663590477,0.09703089333337857,0.02134963714517918,0.019634600150094345,33.78688880316623,-117.87171179551451,92868
97067,10790,0.013063287412999385,0.014823790334888584,0.013246415422534751,0.022053887609768646,0.013684385355529093,0.013501731391149501,33.791370323262285,-117.79581155264133,92869
97068,13213,0.013970620537958955,0.01386987367866749,0.017210535192611662,0.07001683816462839,0.01844404322498989,0.0178830079540636,33.882579293650195,-117.85372879785061,92870
97078,15773,0.013970115272269401,0.014263793588420387,0.015125719148789348,0.03916261457276206,0.01646611340007826,0.016488919926803663,33.890229991884866,-117.80268394477905,92886
97079,6560,0.0138175737271601,0.013962738486612903,0.012115850380156824,0.01436458955413299,0.013874186672607135,0.014136285845005803,33.880588762500004,-117.74242780243902,92887
97081,9066,0.013806930961331095,0.01799927616499265,0.02484982056250792,0.16674946787345693,0.03254405856552538,0.02748180544099112,34.29045725159938,-119.28845889532319,93001
97083,15240,0.015916968285842336,0.020278768018196107,0.023292042961161854,0.1453807392563611,0.029763424644938988,0.025311516249859996,34.270955146062995,-119.22174145269028,93003
97084,8420,0.01716747585769677,0.019804678425942784,0.02090571342100844,0.11931267667247827,0.026201870199909043,0.02306554890682298,34.27871283954869,-119.16961877410925,93004
97089,12611,0.015693704322574116,0.01785867391467305,0.016844177791566703,0.05922143533501503,0.019755003399333938,0.017983933656604445,34.23319367623503,-119.04802582142574,93010
97091,12085,0.01674842566376914,0.020548922448659752,0.016300615921325475,0.055126914252982315,0.019661069216999047,0.017721389896629993,34.22469417980968,-118.98884229896566,93012
97094,3549,0.01653285635164501,0.019672950045251866,0.02704076232170438,0.19798245674620332,0.03624346197499678,0.03162995449504793,34.401101870104256,-118.9172812144266,93016
97097,10277,0.01724952447786116,0.01964945766834718,0.016449626765938714,0.0625469733028522,0.020731433355955273,0.018352786226215355,34.27961105974506,-118.8758798850832,93021
97098,1763,0.015294578247267923,0.016155170694156593,0.020961277668714102,0.12361282550991125,0.025109122094595475,0.021810874472881856,34.402185760068065,-119.2986496330119,93022
97099,7258,0.017720398668831048,0.022072613731458617,0.027930059354795103,0.24038648144140998,0.04108726839646792,0.03350600940283856,34.443028938137225,-119.26098305166713,93023
97101,9519,0.014871304619257793,0.016686506862108864,0.01812872278462683,0.08070741142886713,0.02071004405663413,0.019496398167236733,34.20768910715412,-119.17596776300032,93030
97104,13306,0.018535278768218307,0.023128791798740948,0.03020012757106714,0.24114906027907307,0.04213209771196217,0.03531876154313049,34.168830465278816,-119.1697844877499,93033
97106,10219,0.013802711381069277,0.013400840236192018,0.015300167504355418,0.05134542181378009,0.017055300448463085,0.01587695620502625,34.18191823515021,-119.21981163949506,93035
97107,9046,0.017796637837403824,0.020209539342721794,0.02375545960986207,0.16156008233743324,0.030883696832817487,0.026801432118303648,34.23122382953792,-119.17799030787089,93036
97108,397,0.012680398608327302,0.011188603957700086,0.01434040470244589,0.023336701081300815,0.01790388760072321,0.015501766758636015,34.41376513098237,-118.79248458186399,93040
97109,5338,0.010564590360479896,0.012104800501212843,0.014388087864508991,0.015064665124738776,0.01394402083250964,0.012688835012616449,34.16420959423005,-119.19986750655677,93041
97111,10,0.012630444714009929,0.01728204049105993,0.012673105017371369,0.012928210642721349,0.01212729672099393,0.011984256813770576,34.1549519,-119.20323,93043
97113,6369,0.01741560553281028,0.02331950833716167,0.032326451027745055,0.24229202088242474,0.04419924356606283,0.03689243868389534,34.35453362600094,-119.07303220379966,93060
97116,17163,0.014938075557381312,0.015373949508932491,0.01777014799365316,0.08051024981801534,0.020876792279986584,0.019185495930670565,34.27936596906135,-118.69723768869078,93063
97118,20612,0.014774580796915142,0.015140574667333602,0.013907615421159708,0.03600205343381805,0.01568196591882486,0.0150397292831752,34.263778619833104,-118.77005218397049,93065
97119,658,0.018095737683582358,0.025173084122866996,0.016058693106412905,0.030307959290337458,0.023320448375639017,0.017687857863749937,34.27397559574469,-119.00711282674771,93066
97164,8,0.009202039752740468,0.007911751879806146,0.08702598809748587,0.5567506813841315,0.12212008111835268,0.0587223204293318,34.75190125,-119.081016,93125
97298,2609,0.0270202718029111,0.03984753467091805,0.020851164128597235,0.07858458920189053,0.026976007185024273,0.02386254639605979,34.48836395937141,-118.18873145534688,93510
97316,1125,0.013976208788263436,0.018164227659129693,0.020629376805779504,0.07112673562742758,0.02730532050524868,0.02258104586317386,34.671183549333335,-118.42099982133334,93532
97317,9075,0.014028682712350417,0.01586710150566894,0.015608300686564299,0.052234072709000975,0.02063426366582588,0.019201451990102168,34.696660082203856,-118.15098716991736,93534
97318,19862,0.01963368810165645,0.025029717301352894,0.024316890236662555,0.20834440400331306,0.041670249443391955,0.03286475425539396,34.684640909425035,-118.06644533687444,93535
97319,20310,0.017077691400389814,0.020849631841136546,0.01365691425033787,0.03857834586158682,0.017480900327650022,0.01617477439126868,34.67568222043329,-118.2170413540128,93536
97323,3793,0.01527756780674193,0.02004642018277997,0.0226664681661724,0.045789754549456656,0.025791672498705225,0.022002103459458463,34.541955433166365,-117.95641621276035,93543
97328,17304,0.01571787226766839,0.017137765735074546,0.013847416480809902,0.09078318546725549,0.02346892367789589,0.019986989586460727,34.56584411043689,-118.08757333841885,93550
97329,16528,0.01852852926552926,0.022362172392184677,0.015543049572806729,0.0841501765383103,0.023080791881874882,0.01935126923147726,34.604080266638434,-118.18596765930542,93551
97330,10132,0.01628342779009051,0.016704670147993386,0.009419507696725827,0.04618926679443496,0.015486893386670192,0.014499793064816609,34.562935463580736,-118.03481989676273,93552
97331,699,0.01897929923318984,0.027766628452034422,0.02862778037367257,0.07524794624800156,0.03490352944857971,0.02773954364789617,34.485007133047205,-117.89973177968525,93553
97339,36,0.011259009534964066,0.016112056675465128,0.02431255908913366,0.04006982320734328,0.03203786490091315,0.020522893408670636,34.41109291666666,-117.77526,93563
97344,2132,0.014859847129701025,0.018219374867331533,0.025579230468734643,0.04806335720461692,0.02811695607515293,0.023272342387945025,34.5994474760788,-117.83498210037523,93591
